"","est1","","","","t2_exceedquota_1","","","","t2_exceedquota_2","","","","t2_exceedquota_3","","","","t2_exceedquota_4","","",""
"","b","se","t","p","b","se","t","p","b","se","t","p","b","se","t","p","b","se","t","p"
"post","-.0508355",".0396179","-1.283144",".2092659","-.0508355",".0396179","-1.283144",".2092659","-.0897257",".0525328","-1.707994",".1097053","-.0975699",".0526599","-1.852833",".0851019","-.1039569",".0565615","-1.837945",".0873817"
"_Iyear_2006","-.2047847",".0386911","-5.292812",".0000102","-.2047847",".0386911","-5.292812",".0000102","-.1995893",".054565","-3.65783",".0025844","-.1958474",".0548118","-3.573087",".0030575","","","",""
"_Iyear_2007","-.1388478",".0522795","-2.655872",".0125444","-.1388478",".0522795","-2.655872",".0125444","-.1224518",".070336","-1.740956",".103612","-.1205382",".070303","-1.714551",".1084686","","","",""
"_Iyear_2008","-.1598642",".0490038","-3.26228",".0027568","-.1598642",".0490038","-3.26228",".0027568","-.155943",".0874847","-1.782516",".0963558","-.1744836",".090102","-1.936512",".0732558","","","",""
"_Iyear_2009","-.1171016",".0521255","-2.246531",".032185","-.1171016",".0521255","-2.246531",".032185","-.1545233",".0635036","-2.4333",".0289588","-.1504861",".0607088","-2.478818",".0265295","","","",""
"_Iyear_2010","-.0953765",".045322","-2.104419",".0438269","-.0953765",".045322","-2.104419",".0438269","-.0953394",".089516","-1.065054",".3048761","-.0824319",".0833518","-.9889639",".3394661","","","",""
"_Iyear_2011","-.1288428",".0563338","-2.287132",".0294137","-.1288428",".0563338","-2.287132",".0294137","-.0827517",".0867162","-.9542817",".3561288","-.0770985",".0826837","-.9324501",".3669069","","","",""
"_Iyear_2012","-.2321752",".0514487","-4.512749",".0000919","-.2321752",".0514487","-4.512749",".0000919","-.1569397",".0925983","-1.694844",".1122225","-.158814",".0891275","-1.781874",".0964644","","","",""
"_Iindustry_2","-.082015",".0287685","-2.850857",".0078141","-.082015",".0287685","-2.850857",".0078141","-.0455977",".0340301","-1.339924",".201614","-.043512",".0342105","-1.27189",".2241345","","","",""
"_Iindustry_3",".0683576",".0389186","1.756427",".0892205",".0683576",".0389186","1.756427",".0892205",".1203221",".0514592","2.338203",".0347353",".1225768",".050872","2.409515",".0303113","","","",""
"_Iindustry_4",".241231",".0372791","6.470943","3.77e-07",".241231",".0372791","6.470943","3.77e-07",".2755831",".047773","5.7686",".0000486",".2777849",".0470717","5.901314",".0000386","","","",""
"_Iindustry_5",".0631463",".0320476","1.97039",".058084",".0631463",".0320476","1.97039",".058084",".121069",".0353646","3.423449",".0041164",".1231547",".0353989","3.479053",".0036855","","","",""
"_Iindustry_6",".0038277",".0307611",".1244323",".901803",".0038277",".0307611",".1244323",".901803",".0439253",".0246335","1.78315",".0962487",".0459434",".0251582","1.826183",".0892211","","","",""
"_Iindustry_7",".2610665",".030843","8.464355","1.91e-09",".2610665",".030843","8.464355","1.91e-09",".2631068",".048915","5.378854",".0000973",".2655925",".0494327","5.372805",".0000983","","","",""
"_Iindustry_8","-.0682427",".0250703","-2.722055",".0106999","-.0682427",".0250703","-2.722055",".0106999","-.0576321",".0377712","-1.525822",".1493246","-.0555544",".0375126","-1.480953",".1607717","","","",""
"gdpprogress_ratio","","","","","","","","","","","","","-.7995233",".3883659","-2.058686",".0586358","-.9032896",".4388671","-2.058231",".0586849"
"_Iyi_2","","","","","","","","","","","","","","","","","-.0841033",".1786657","-.4707297",".6450839"
"_Iyi_3","","","","","","","","","","","","","","","","","-.1803673",".1152087","-1.56557",".1397673"
"_Iyi_4","","","","","","","","","","","","","","","","","-.1476461",".1149948","-1.283937",".2200067"
"_Iyi_5","","","","","","","","","","","","","","","","","-.1676422",".1300242","-1.289315",".2181837"
"_Iyi_6","","","","","","","","","","","","","","","","","-.1012139",".123736","-.8179829",".4270702"
"_Iyi_7","","","","","","","","","","","","","","","","","-.0258804",".0908067","-.2850049",".7798131"
"_Iyi_8","","","","","","","","","","","","","","","","","-.081551",".0540283","-1.509411",".153429"
"_Iyi_9","","","","","","","","","","","","","","","","","-.0109187",".0917482","-.1190067",".9069608"
"_Iyi_10","","","","","","","","","","","","","","","","","-.0283553",".0568136","-.4990931",".6254645"
"_Iyi_11","","","","","","","","","","","","","","","","",".0106001",".0844974",".1254485",".9019521"
"_Iyi_12","","","","","","","","","","","","","","","","","-.0323047",".0355363","-.9090607",".3787021"
"_Iyi_13","","","","","","","","","","","","","","","","","-.028877",".0261188","-1.105603",".2875363"
"_Iyi_14","","","","","","","","","","","","","","","","","0",".",".","."
"_Iyi_15","","","","","","","","","","","","","","","","",".1956234",".2141477",".9134979",".3764447"
"_Iyi_16","","","","","","","","","","","","","","","","","-.0092996",".1769778","-.0525466",".9588356"
"_Iyi_17","","","","","","","","","","","","","","","","","-.0041485",".0250748","-.1654469",".8709576"
"_Iyi_18","","","","","","","","","","","","","","","","","0",".",".","."
"_Iyi_19","","","","","","","","","","","","","","","","",".0397924",".186167",".2137457",".833827"
"_Iyi_20","","","","","","","","","","","","","","","","",".1409164",".1582985",".8901942",".3884034"
"_Iyi_21","","","","","","","","","","","","","","","","",".1424504",".1623174",".8776038",".3949701"
"_Iyi_22","","","","","","","","","","","","","","","","",".0993269",".1893501",".5245675",".6080905"
"_Iyi_23","","","","","","","","","","","","","","","","","0",".",".","."
"_Iyi_24","","","","","","","","","","","","","","","","","-.4556706",".1827396","-2.493552",".0257858"
"_Iyi_25","","","","","","","","","","","","","","","","","-.251705",".2096776","-1.200438",".2498882"
"_Iyi_26","","","","","","","","","","","","","","","","","-.2024749",".1657935","-1.221247",".2421604"
"_Iyi_27","","","","","","","","","","","","","","","","","-.2968529",".2345463","-1.265647",".2262975"
"_Iyi_28","","","","","","","","","","","","","","","","","-.073091",".1937225","-.3772974",".7116104"
"_Iyi_29","","","","","","","","","","","","","","","","","-.0696633",".1833497","-.3799478",".7096859"
"_Iyi_30","","","","","","","","","","","","","","","","","-.367624",".2048958","-1.7942",".0943987"
"_Iyi_31","","","","","","","","","","","","","","","","",".3741196",".1586367","2.358343",".0334274"
"_Iyi_32","","","","","","","","","","","","","","","","",".1851157",".1197848","1.545403",".1445493"
"_Iyi_33","","","","","","","","","","","","","","","","",".1890813",".1317748","1.434883",".173282"
"_Iyi_34","","","","","","","","","","","","","","","","",".1049781",".1151467",".91169",".3773634"
"_Iyi_35","","","","","","","","","","","","","","","","",".0106001",".0980518",".1081068",".9154451"
"_Iyi_36","","","","","","","","","","","","","","","","",".1676953",".1090923","1.537187",".1465368"
"_Iyi_37","","","","","","","","","","","","","","","","",".1044563",".1024866","1.01922",".3253894"
"_Iyi_38","","","","","","","","","","","","","","","","","0",".",".","."
"_Iyi_39","","","","","","","","","","","","","","","","",".050069",".2307167",".2170152",".8313272"
"_Iyi_40","","","","","","","","","","","","","","","","","-.22477",".1699181","-1.322813",".2070987"
"_Iyi_41","","","","","","","","","","","","","","","","","-.2925601",".1426863","-2.050373",".0595386"
"_Iyi_42","","","","","","","","","","","","","","","","","-.3049076",".145826","-2.090901",".055255"
"_Iyi_43","","","","","","","","","","","","","","","","","-.2659523",".1385336","-1.919767",".0754996"
"_Iyi_44","","","","","","","","","","","","","","","","","-.1028382",".1774609","-.5794978",".5714613"
"_Iyi_45","","","","","","","","","","","","","","","","","-.0387627",".1684788","-.2300745",".8213616"
"_Iyi_46","","","","","","","","","","","","","","","","","0",".",".","."
"_Iyi_47","","","","","","","","","","","","","","","","",".1951175",".2067362",".9437991",".3612761"
"_Iyi_48","","","","","","","","","","","","","","","","","0",".",".","."
"_Iyi_49","","","","","","","","","","","","","","","","",".2833029",".2364669","1.198066",".2507811"
"_Iyi_50","","","","","","","","","","","","","","","","",".2403981",".146239","1.643871",".1224629"
"_Iyi_51","","","","","","","","","","","","","","","","",".2438258",".1835413","1.328452",".2052781"
"_Iyi_52","","","","","","","","","","","","","","","","","-.0606305",".1649508","-.3675673",".718693"
"_Iyi_53","","","","","","","","","","","","","","","","","0",".",".","."
"_Iyi_54","","","","","","","","","","","","","","","","",".0109961",".010804","1.017775",".3260521"
"_Iyi_55","","","","","","","","","","","","","","","","",".0816284",".0760607","1.0732",".301332"
"_Iyi_56","","","","","","","","","","","","","","","","","-.0024749",".010999","-.2250093",".8252232"
"_Iyi_57","","","","","","","","","","","","","","","","",".1031471",".0770058","1.339471",".2017575"
"_Iyi_58","","","","","","","","","","","","","","","","",".0602424",".0357691","1.684201",".1142968"
"_Iyi_59","","","","","","","","","","","","","","","","",".092547",".0541177","1.710105",".1093057"
"_cons",".2571955",".0509876","5.044278",".0000206",".2571955",".0509876","5.044278",".0000206",".2302762",".072078","3.194821",".006487","1.043441",".422341","2.470614",".0269525","1.132755",".4478013","2.529594",".0240499"
"N","1755","","","","1755","","","","855","","","","855","","","","855","","",""
"r2",".1505357","","","",".1505357","","","",".1533651","","","",".1554703","","","",".2913303","","",""
"df_m","15","","","","15","","","","14","","","","14","","","","14","","",""
"df_r","30","","","","30","","","","14","","","","14","","","","14","","",""
"df_b","","","","","","","","","","","","","","","","","","","",""
"df","","","","","","","","","","","","","","","","","","","",""
