"","est1","","","","t2_exceedquota_1","","","","t2_exceedquota_2","","","","t2_exceedquota_3","","","","t2_exceedquota_4","","","","t2_qrate_1","","","","t2_qrate_2","","","","t2_qrate_3","","","","t2_qrate_4","","","","t3_1","","","","t3_2","","","","t3_3","","","","t3_4","","",""
"","b","se","t","p","b","se","t","p","b","se","t","p","b","se","t","p","b","se","t","p","b","se","t","p","b","se","t","p","b","se","t","p","b","se","t","p","b","se","t","p","b","se","t","p","b","se","t","p","b","se","t","p"
"post","-.0508355",".0396179","-1.283144",".2092659","-.0508355",".0396179","-1.283144",".2092659","-.0897257",".0525328","-1.707994",".1097053","-.0975699",".0526599","-1.852833",".0851019","-.1039569",".0565615","-1.837945",".0873817","-.0264568",".0282846","-.9353781",".3570623","-.0577949",".0368086","-1.570146",".1387014","-.061642",".0366005","-1.684184",".1143001","-.0566613",".0414757","-1.366132",".1934414","","","","","","","","","","","","","","","",""
"_Iyear_2006","-.2047847",".0386911","-5.292812",".0000102","-.2047847",".0386911","-5.292812",".0000102","-.1995893",".054565","-3.65783",".0025844","-.1958474",".0548118","-3.573087",".0030575","","","","","-.1678259",".0267304","-6.27847","6.42e-07","-.1912161",".0442334","-4.322891",".0007018","-.1893809",".0433204","-4.371636",".0006388","","","","","","","","","","","","","","","","","","","",""
"_Iyear_2007","-.1388478",".0522795","-2.655872",".0125444","-.1388478",".0522795","-2.655872",".0125444","-.1224518",".070336","-1.740956",".103612","-.1205382",".070303","-1.714551",".1084686","","","","","-.1057145",".0313944","-3.367309",".0020961","-.1315416",".0435903","-3.01768",".0092225","-.1306031",".0435338","-3.000038",".0095508","","","","","","","","","","","","","","","","","","","",""
"_Iyear_2008","-.1598642",".0490038","-3.26228",".0027568","-.1598642",".0490038","-3.26228",".0027568","-.155943",".0874847","-1.782516",".0963558","-.1744836",".090102","-1.936512",".0732558","","","","","-.1353391",".0343459","-3.940475",".0004496","-.1077686",".0600962","-1.79327",".0945532","-.1168617",".0621012","-1.881794",".0808199","","","","","","","","","","","","","","","","","","","",""
"_Iyear_2009","-.1171016",".0521255","-2.246531",".032185","-.1171016",".0521255","-2.246531",".032185","-.1545233",".0635036","-2.4333",".0289588","-.1504861",".0607088","-2.478818",".0265295","","","","","-.0774093",".0276881","-2.795763",".0089453","-.108542",".0352088","-3.082805",".0081045","-.1065619",".0350318","-3.041863",".0087906","","","","","","","","","","","","","","","","","","","",""
"_Iyear_2010","-.0953765",".045322","-2.104419",".0438269","-.0953765",".045322","-2.104419",".0438269","-.0953394",".089516","-1.065054",".3048761","-.0824319",".0833518","-.9889639",".3394661","","","","","-.0228899",".0286447","-.7990957",".4305165","-.0112395",".0591595","-.1899863",".852047","-.0049092",".0567265","-.0865408",".9322621","","","","","","","","","","","","","","","","","","","",""
"_Iyear_2011","-.1288428",".0563338","-2.287132",".0294137","-.1288428",".0563338","-2.287132",".0294137","-.0827517",".0867162","-.9542817",".3561288","-.0770985",".0826837","-.9324501",".3669069","","","","","-.0570182",".0302593","-1.884317",".0692448","-.04114",".050844","-.80914",".4319717","-.0383674",".0505015","-.7597272",".4600203","","","","","","","","","","","","","","","","","","","",""
"_Iyear_2012","-.2321752",".0514487","-4.512749",".0000919","-.2321752",".0514487","-4.512749",".0000919","-.1569397",".0925983","-1.694844",".1122225","-.158814",".0891275","-1.781874",".0964644","","","","","-.1663624",".0325039","-5.118224",".0000167","-.1156248",".0745223","-1.551547",".1430779","-.116544",".0743288","-1.567952",".1392115","","","","","","","","","","","","","","","","","","","",""
"_Iindustry_2","-.082015",".0287685","-2.850857",".0078141","-.082015",".0287685","-2.850857",".0078141","-.0455977",".0340301","-1.339924",".201614","-.043512",".0342105","-1.27189",".2241345","","","","",".2085978",".0312836","6.667954","2.19e-07",".2505771",".0431544","5.806519",".0000455",".2516",".0432383","5.818918",".0000445","","","","","","","","","","","","","","","","","","","",""
"_Iindustry_3",".0683576",".0389186","1.756427",".0892205",".0683576",".0389186","1.756427",".0892205",".1203221",".0514592","2.338203",".0347353",".1225768",".050872","2.409515",".0303113","","","","",".0916292",".0433157","2.115381",".0428111",".1892168",".0570776","3.315083",".0051067",".1903226",".0570241","3.337582",".0048831","","","","","","","","","","","","","","","","","","","",""
"_Iindustry_4",".241231",".0372791","6.470943","3.77e-07",".241231",".0372791","6.470943","3.77e-07",".2755831",".047773","5.7686",".0000486",".2777849",".0470717","5.901314",".0000386","","","","",".2164336",".0402918","5.371658","8.16e-06",".2443768",".0537085","4.550057",".0004536",".2454566",".0537689","4.565027",".0004409","","","","","","","","","","","","","","","","","","","",""
"_Iindustry_5",".0631463",".0320476","1.97039",".058084",".0631463",".0320476","1.97039",".058084",".121069",".0353646","3.423449",".0041164",".1231547",".0353989","3.479053",".0036855","","","","",".2099939",".0323511","6.491093","3.56e-07",".2599003",".0456233","5.696656",".0000552",".2609232",".0455718","5.725536",".0000524","","","","","","","","","","","","","","","","","","","",""
"_Iindustry_6",".0038277",".0307611",".1244323",".901803",".0038277",".0307611",".1244323",".901803",".0439253",".0246335","1.78315",".0962487",".0459434",".0251582","1.826183",".0892211","","","","",".0759318",".0401213","1.892558",".0681014",".1444618",".066755","2.164059",".048236",".1454516",".0668019","2.177356",".047053","","","","","","","","","","","","","","","","","","","",""
"_Iindustry_7",".2610665",".030843","8.464355","1.91e-09",".2610665",".030843","8.464355","1.91e-09",".2631068",".048915","5.378854",".0000973",".2655925",".0494327","5.372805",".0000983","","","","",".2510151",".0396877","6.324759","5.65e-07",".269546",".050324","5.356207",".0001013",".270765",".0503906","5.373325",".0000982","","","","","","","","","","","","","","","","","","","",""
"_Iindustry_8","-.0682427",".0250703","-2.722055",".0106999","-.0682427",".0250703","-2.722055",".0106999","-.0576321",".0377712","-1.525822",".1493246","-.0555544",".0375126","-1.480953",".1607717","","","","",".2105297",".0318093","6.618501","2.51e-07",".253203",".0442591","5.720923",".0000529",".254222",".0443371","5.73384",".0000517","","","","","","","","","","","","","","","","","","","",""
"gdpprogress_ratio","","","","","","","","","","","","","-.7995233",".3883659","-2.058686",".0586358","-.9032896",".4388671","-2.058231",".0586849","","","","","","","","","-.3921166",".3061341","-1.280865",".2210534","-.3175385",".3725174","-.8524126",".4083314","","","","","","","","","","","","","","","",""
"_Iyi_2","","","","","","","","","","","","","","","","","-.0841033",".1786657","-.4707297",".6450839","","","","","","","","","","","","","-.0697218",".2261521","-.308296",".7623965","0",".",".",".","0",".",".",".","0",".",".",".","0",".",".","."
"_Iyi_3","","","","","","","","","","","","","","","","","-.1803673",".1152087","-1.56557",".1397673","","","","","","","","","","","","",".0552123",".1961049",".2815445",".7824115","0",".",".",".","0",".",".",".","0",".",".",".","0",".",".","."
"_Iyi_4","","","","","","","","","","","","","","","","","-.1476461",".1149948","-1.283937",".2200067","","","","","","","","","","","","",".253758",".1446027","1.754863",".1011318","0",".",".",".","0",".",".",".","0",".",".",".","0",".",".","."
"_Iyi_5","","","","","","","","","","","","","","","","","-.1676422",".1300242","-1.289315",".2181837","","","","","","","","","","","","",".1238308",".1462594",".8466516",".4114285","0",".",".",".","0",".",".",".","0",".",".",".","0",".",".","."
"_Iyi_6","","","","","","","","","","","","","","","","","-.1012139",".123736","-.8179829",".4270702","","","","","","","","","","","","",".1397347",".1740844",".8026839",".4355729","0",".",".",".","0",".",".",".","0",".",".",".","0",".",".","."
"_Iyi_7","","","","","","","","","","","","","","","","","-.0258804",".0908067","-.2850049",".7798131","","","","","","","","","","","","","-.0670651",".0531339","-1.262191",".2275021",".6394825",".0575898","11.1041","3.78e-12","0",".",".",".","0",".",".",".","0",".",".","."
"_Iyi_8","","","","","","","","","","","","","","","","","-.081551",".0540283","-1.509411",".153429","","","","","","","","","","","","","-.0931771",".04328","-2.152887",".0492514","0",".",".",".","0",".",".",".","0",".",".",".","0",".",".","."
"_Iyi_9","","","","","","","","","","","","","","","","","-.0109187",".0917482","-.1190067",".9069608","","","","","","","","","","","","","-.0800419",".0523322","-1.529497",".1484182","0",".",".",".","1.89198",".1251281","15.12035","1.42e-15","1.740497",".1251396","13.90844","1.28e-14","1.737129",".127351","13.64049","2.13e-14"
"_Iyi_10","","","","","","","","","","","","","","","","","-.0283553",".0568136","-.4990931",".6254645","","","","","","","","","","","","","-.0978303",".0417015","-2.345965",".0342256",".5870346",".061943","9.477018","1.57e-10","0",".",".",".","0",".",".",".","0",".",".","."
"_Iyi_11","","","","","","","","","","","","","","","","",".0106001",".0844974",".1254485",".9019521","","","","","","","","","","","","","-.0696165",".0425122","-1.637565",".1237846",".9583628",".1295802","7.395902","3.06e-08","0",".",".",".","0",".",".",".","0",".",".","."
"_Iyi_12","","","","","","","","","","","","","","","","","-.0323047",".0355363","-.9090607",".3787021","","","","","","","","","","","","","-.0131519",".0334526","-.3931502",".7001302",".3387289",".0436225","7.765","1.16e-08","0",".",".",".","0",".",".",".","0",".",".","."
"_Iyi_13","","","","","","","","","","","","","","","","","-.028877",".0261188","-1.105603",".2875363","","","","","","","","","","","","","-.021598",".0279669","-.7722712",".4527943","0",".",".",".","0",".",".",".","0",".",".",".","0",".",".","."
"_Iyi_14","","","","","","","","","","","","","","","","","0",".",".",".","","","","","","","","","","","","","0",".",".",".",".4924725",".0517146","9.522884","1.41e-10","-.1017251",".0322322","-3.156005",".0036264","-.1329848",".0313457","-4.242516",".0001953","-.1324844",".0313782","-4.222186",".0002067"
"_Iyi_15","","","","","","","","","","","","","","","","",".1956234",".2141477",".9134979",".3764447","","","","","","","","","","","","",".159681",".2121374",".7527245",".4640852","-.3150251",".0554854","-5.677617","3.44e-06","-.2709091",".0753574","-3.594991",".0011464","-.3043071",".0537825","-5.658112","3.64e-06","-.3046716",".0539303","-5.649359","3.73e-06"
"_Iyi_16","","","","","","","","","","","","","","","","","-.0092996",".1769778","-.0525466",".9588356","","","","","","","","","","","","","-.1597152",".1426287","-1.119797",".2816443","-.3581257",".0528623","-6.774688","1.64e-07","1.260999",".1240169","10.16796","3.10e-11","1.380414",".1252691","11.01959","4.55e-12","1.37935",".1258534","10.95997","5.19e-12"
"_Iyi_17","","","","","","","","","","","","","","","","","-.0041485",".0250748","-.1654469",".8709576","","","","","","","","","","","","","-.1146103",".1060174","-1.081052",".297945",".4900083",".0580262","8.444607","2.01e-09","-.0637778",".0512746","-1.243848",".2231873","-.0840317",".0671867","-1.250719",".2207043","-.084942",".0644672","-1.3176",".1976119"
"_Iyi_18","","","","","","","","","","","","","","","","","0",".",".",".","","","","","","","","","","","","","0",".",".",".",".7296896",".1221691","5.972784","1.50e-06","-.2604123",".042055","-6.192179","8.16e-07","-.2172514",".0328423","-6.614981","2.53e-07","-.2168697",".0336347","-6.447801","4.02e-07"
"_Iyi_19","","","","","","","","","","","","","","","","",".0397924",".186167",".2137457",".833827","","","","","","","","","","","","","-.0473345",".1382756","-.3423198",".7371951","0",".",".",".","0",".",".",".","0",".",".",".","0",".",".","."
"_Iyi_20","","","","","","","","","","","","","","","","",".1409164",".1582985",".8901942",".3884034","","","","","","","","","","","","",".0416857",".1585738",".2628786",".7964732",".1793914",".0375684","4.775066",".0000439","-.1026478",".035442","-2.896217",".0069852","-.1442381",".0350879","-4.110764",".0002814","-.1430311",".035402","-4.040199",".0003419"
"_Iyi_21","","","","","","","","","","","","","","","","",".1424504",".1623174",".8776038",".3949701","","","","","","","","","","","","","-.0752276",".169324","-.4442819",".6636292","0",".",".",".","0",".",".",".","0",".",".",".","0",".",".","."
"_Iyi_22","","","","","","","","","","","","","","","","",".0993269",".1893501",".5245675",".6080905","","","","","","","","","","","","","-.1619843",".1930667","-.8390068",".4155623",".4346187",".0481331","9.029523","4.66e-10","-.2339216",".0345765","-6.765339","1.68e-07","-.1825701",".0372744","-4.897998",".0000311","-.1809175",".0385938","-4.687732",".0000562"
"_Iyi_23","","","","","","","","","","","","","","","","","0",".",".",".","","","","","","","","","","","","","0",".",".",".","-.3753188",".0649788","-5.776016","2.61e-06","-.4772377",".0622415","-7.667519","1.49e-08","-.3489052",".0645077","-5.408735","7.35e-06","-.3474967",".0646394","-5.37593","8.06e-06"
"_Iyi_24","","","","","","","","","","","","","","","","","-.4556706",".1827396","-2.493552",".0257858","","","","","","","","","","","","","-.5170426",".1439592","-3.59159",".0029473","-.357804",".0521572","-6.860106","1.30e-07","1.353384",".0877454","15.42398","8.34e-16","1.419572",".0935148","15.18018","1.28e-15","1.419747",".0925668","15.33753","9.69e-16"
"_Iyi_25","","","","","","","","","","","","","","","","","-.251705",".2096776","-1.200438",".2498882","","","","","","","","","","","","","-.1928407",".1286143","-1.499373",".1559862",".4393987",".0496572","8.848638","7.29e-10","-.1397512",".0477314","-2.927868",".0064567","-.1273806",".0462071","-2.75673",".0098378","-.1263528",".0452727","-2.790927",".0090516"
"_Iyi_26","","","","","","","","","","","","","","","","","-.2024749",".1657935","-1.221247",".2421604","","","","","","","","","","","","",".0237041",".1486939",".1594157",".8756184",".4790918",".086899","5.513204","5.47e-06","-.8505925",".0725559","-11.72327","9.97e-13","-.4570851",".0676678","-6.754837","1.73e-07","-.4562872",".0679247","-6.717545","1.91e-07"
"_Iyi_27","","","","","","","","","","","","","","","","","-.2968529",".2345463","-1.265647",".2262975","","","","","","","","","","","","","-.3271303",".1810503","-1.806848",".09232",".3824721",".0539885","7.084322","7.06e-08",".2273484",".0836336","2.718386",".0107952",".3456409",".0628417","5.500183","5.68e-06",".346113",".0604217","5.728286","2.99e-06"
"_Iyi_28","","","","","","","","","","","","","","","","","-.073091",".1937225","-.3772974",".7116104","","","","","","","","","","","","","-.0856174",".1950016","-.4390601",".6673185",".1025864",".0504161","2.034794",".0507922","-.254571",".070419","-3.615092",".0010864","-.2125755",".0784897","-2.708322",".0110605","-.2101854",".0813081","-2.585047",".0148428"
"_Iyi_29","","","","","","","","","","","","","","","","","-.0696633",".1833497","-.3799478",".7096859","","","","","","","","","","","","","-.0503302",".1206206","-.4172604",".6828159","-.2845377",".0785259","-3.623487",".0010622","-.4133196",".1430658","-2.889017",".0071109","-.2584107",".0863529","-2.992496",".0054926","-.2569544",".0878174","-2.926007",".0064867"
"_Iyi_30","","","","","","","","","","","","","","","","","-.367624",".2048958","-1.7942",".0943987","","","","","","","","","","","","","-.5334001",".1918736","-2.779955",".0147507",".3524358",".0503009","7.006552","8.71e-08","-.3125383",".0557555","-5.60552","4.22e-06","-.2558494",".0530129","-4.826172",".000038","-.2540321",".0549395","-4.623853",".0000672"
"_Iyi_31","","","","","","","","","","","","","","","","",".3741196",".1586367","2.358343",".0334274","","","","","","","","","","","","",".0604503",".0806896",".7491703",".4661568","-.4539891",".0785477","-5.779792","2.58e-06","-.5720779",".0793572","-7.208894","5.05e-08","-.4141631",".0930855","-4.449275",".0001097","-.413343",".0936742","-4.412561",".0001216"
"_Iyi_32","","","","","","","","","","","","","","","","",".1851157",".1197848","1.545403",".1445493","","","","","","","","","","","","","-.0143104",".0626519","-.2284108",".8226295","-.3953958",".0684648","-5.775173","2.62e-06","1.322538",".1148364","11.51671","1.55e-12","1.384535",".1008429","13.72962","1.80e-14","1.385482",".0993289","13.94843","1.19e-14"
"_Iyi_33","","","","","","","","","","","","","","","","",".1890813",".1317748","1.434883",".173282","","","","","","","","","","","","",".0662248",".0678106",".9766153",".3453342",".381611",".0526054","7.254214","4.47e-08","-.2054177",".0596312","-3.444805",".0017093","-.1800082",".0544575","-3.305478",".0024639","-.1805918",".0520149","-3.471925",".0015909"
"_Iyi_34","","","","","","","","","","","","","","","","",".1049781",".1151467",".91169",".3773634","","","","","","","","","","","","",".062503",".0513757","1.216586",".243875",".2751083",".0576726","4.770171",".0000446","-1.10194",".1081903","-10.1852","2.98e-11","-.6278734",".1053017","-5.962617","1.55e-06","-.6259755",".105965","-5.907383","1.81e-06"
"_Iyi_35","","","","","","","","","","","","","","","","",".0106001",".0980518",".1081068",".9154451","","","","","","","","","","","","",".0008535",".0624194",".0136729",".9892839",".2697414",".0594262","4.539096",".0000853",".0876899",".0684254","1.281541",".2098207",".2396439",".0557811","4.296145",".0001682",".2393725",".0549403","4.356956",".000142"
"_Iyi_36","","","","","","","","","","","","","","","","",".1676953",".1090923","1.537187",".1465368","","","","","","","","","","","","",".0689148",".0568402","1.212432",".2454109",".0891753",".0351937","2.533842",".0167409","-.2772802",".0576502","-4.809703",".0000399","-.2162912",".045043","-4.801886",".0000407","-.2139069",".0463149","-4.618535",".0000683"
"_Iyi_37","","","","","","","","","","","","","","","","",".1044563",".1024866","1.01922",".3253894","","","","","","","","","","","","",".0002687",".0574989",".0046726",".9963378","-.3851026",".1185806","-3.247603",".0028638","-.5936843",".1677527","-3.539044",".0013312","-.3255251",".1340691","-2.428041",".02139","-.3201158",".1368874","-2.338534",".026215"
"_Iyi_38","","","","","","","","","","","","","","","","","0",".",".",".","","","","","","","","","","","","","0",".",".",".",".2849073",".0473699","6.014519","1.34e-06","-.4517595",".0604387","-7.474677","2.48e-08","-.3201565",".0592566","-5.402887","7.47e-06","-.3170959",".0617016","-5.139186",".0000157"
"_Iyi_39","","","","","","","","","","","","","","","","",".050069",".2307167",".2170152",".8313272","","","","","","","","","","","","",".0191692",".1699929",".1127646",".9118182","-.5337392",".0877209","-6.084515","1.10e-06","-.796107",".088665","-8.978821","5.28e-10","-.490672",".0954062","-5.142976",".0000156","-.4880615",".0968399","-5.03988",".0000208"
"_Iyi_40","","","","","","","","","","","","","","","","","-.22477",".1699181","-1.322813",".2070987","","","","","","","","","","","","","-.1689226",".1270157","-1.329935",".2048015","-.5312288",".071503","-7.429459","2.80e-08","1.025895",".110772","9.261319","2.65e-10","1.24563",".1102073","11.3026","2.45e-12","1.245986",".1096097","11.36748","2.13e-12"
"_Iyi_41","","","","","","","","","","","","","","","","","-.2925601",".1426863","-2.050373",".0595386","","","","","","","","","","","","","-.3846163",".144086","-2.669353",".0183231",".3038588",".0498968","6.089748","1.09e-06","-.3436162",".063434","-5.416911","7.18e-06","-.2556912",".054895","-4.657825",".0000611","-.2552024",".0517757","-4.928999",".0000285"
"_Iyi_42","","","","","","","","","","","","","","","","","-.3049076",".145826","-2.090901",".055255","","","","","","","","","","","","","-.2727092",".1257591","-2.168505",".0478374",".1551726",".0437779","3.544543",".0013118","-1.299765",".1247457","-10.41931","1.74e-11","-.7297804",".1316267","-5.54432","5.01e-06","-.7266386",".1336608","-5.436437","6.79e-06"
"_Iyi_43","","","","","","","","","","","","","","","","","-.2659523",".1385336","-1.919767",".0754996","","","","","","","","","","","","","-.1334504",".1108986","-1.203355",".2487934",".2486543",".05557","4.474615",".0001022",".0596239",".0636853",".9362265",".3566325",".2257837",".0535303","4.217871",".0002092",".2252867",".0531338","4.239987",".0001967"
"_Iyi_44","","","","","","","","","","","","","","","","","-.1028382",".1774609","-.5794978",".5714613","","","","","","","","","","","","","-.0694571",".1253633","-.5540467",".588288","0",".",".",".","-.4206399",".0618782","-6.797872","1.54e-07","-.3045833",".0590844","-5.155056",".000015","-.3007435",".0623498","-4.823489",".0000383"
"_Iyi_45","","","","","","","","","","","","","","","","","-.0387627",".1684788","-.2300745",".8213616","","","","","","","","","","","","","-.0108102",".0828989","-.1304023",".8981033","-.4657473",".1302418","-3.57602",".0012061","-.8594051",".1419683","-6.053498","1.20e-06","-.4082734",".1523882","-2.679167",".0118638","-.4029682",".1558978","-2.584823",".0148507"
"_Iyi_46","","","","","","","","","","","","","","","","","0",".",".",".","","","","","","","","","","","","","0",".",".",".",".1943399",".048994","3.966608",".0004185","-.6475286",".0818142","-7.914624","7.82e-09","-.3992892",".0799368","-4.995063",".0000236","-.3965947",".0819608","-4.838834",".0000367"
"_Iyi_47","","","","","","","","","","","","","","","","",".1951175",".2067362",".9437991",".3612761","","","","","","","","","","","","",".1485552",".1022754","1.452502",".1684051","-.6551904",".1021551","-6.413682","4.41e-07","-1.042412",".1047735","-9.949193","5.15e-11","-.5960705",".1128581","-5.28159",".0000105","-.5929446",".1144543","-5.180623",".000014"
"_Iyi_48","","","","","","","","","","","","","","","","","0",".",".",".","","","","","","","","","","","","","0",".",".",".","-.5993544",".0831601","-7.207237","5.07e-08",".9678545",".103483","9.352786","2.12e-10","1.199285",".104095","11.52105","1.53e-12","1.199654",".103139","11.63143","1.21e-12"
"_Iyi_49","","","","","","","","","","","","","","","","",".2833029",".2364669","1.198066",".2507811","","","","","","","","","","","","",".1956094",".1078535","1.813659",".0912176",".2012231",".0486446","4.136597",".000262","-.5638709",".0780498","-7.224497","4.84e-08","-.347545",".0661668","-5.252556",".0000114","-.3463419",".0653534","-5.299527","1.00e-05"
"_Iyi_50","","","","","","","","","","","","","","","","",".2403981",".146239","1.643871",".1224629","","","","","","","","","","","","",".2060452",".0583074","3.533774",".0033058","0",".",".",".","-1.620845",".1435007","-11.29503","2.49e-12","-.8689887",".1554605","-5.589772","4.41e-06","-.8644557",".158211","-5.463941","6.29e-06"
"_Iyi_51","","","","","","","","","","","","","","","","",".2438258",".1835413","1.328452",".2052781","","","","","","","","","","","","",".1375991",".0512817","2.683199",".0178336",".1767445",".0488818","3.615748",".0010845","-.1202725",".0440688","-2.729198",".0105168",".1604208",".0485093","3.307008",".0024541",".1613578",".0456354","3.535799",".0013427"
"_Iyi_52","","","","","","","","","","","","","","","","","-.0606305",".1649508","-.3675673",".718693","","","","","","","","","","","","",".0521304",".0549405",".9488514",".3587888","1.248211",".2114566","5.902918","1.83e-06","1.031331",".2210303","4.666016",".0000597","1.328981",".2590744","5.129727",".0000162","1.33541",".2643056","5.052523",".0000201"
"_Iyi_53","","","","","","","","","","","","","","","","","0",".",".",".","","","","","","","","","","","","","0",".",".",".","0",".",".",".","-.5408349",".0963475","-5.613381","4.13e-06","-.575345",".0808558","-7.115688","6.49e-08","-.5731458",".0833917","-6.872939","1.25e-07"
"_Iyi_54","","","","","","","","","","","","","","","","",".0109961",".010804","1.017775",".3260521","","","","","","","","","","","","",".0097819",".0155739",".6280959",".5400525","-.9413702",".1175483","-8.008369","6.13e-09","-1.040109",".1190333","-8.73796","9.60e-10","-.8610374",".1026579","-8.387446","2.32e-09","-.8591505",".1023144","-8.397164","2.26e-09"
"_Iyi_55","","","","","","","","","","","","","","","","",".0816284",".0760607","1.0732",".301332","","","","","","","","","","","","",".0285171",".0243954","1.168955",".261941","-1.809921",".0885966","-20.42878","3.73e-19","0",".",".",".","0",".",".",".","0",".",".","."
"_Iyi_56","","","","","","","","","","","","","","","","","-.0024749",".010999","-.2250093",".8252232","","","","","","","","","","","","","-.0148714",".0207175","-.717818",".4846762","0",".",".",".","-.4929059",".0946374","-5.20836",".0000129","-.5299425",".0648611","-8.170424","4.04e-09","-.5294619",".0657418","-8.053659","5.45e-09"
"_Iyi_57","","","","","","","","","","","","","","","","",".1031471",".0770058","1.339471",".2017575","","","","","","","","","","","","",".0269358",".0299502",".8993522",".3836734","-.1500269",".0678412","-2.211443",".0347671","-1.424534",".1633693","-8.719715","1.00e-09","-.9925144",".1429679","-6.942219","1.04e-07","-.9888745",".1467759","-6.737309","1.81e-07"
"_Iyi_58","","","","","","","","","","","","","","","","",".0602424",".0357691","1.684201",".1142968","","","","","","","","","","","","",".0802738",".0194825","4.120308",".0010401","0",".",".",".","0",".",".",".","0",".",".",".","0",".",".","."
"_Iyi_59","","","","","","","","","","","","","","","","",".092547",".0541177","1.710105",".1093057","","","","","","","","","","","","",".0588923",".0507966","1.159374",".2656961","0",".",".",".","0",".",".",".","0",".",".",".","0",".",".","."
"ln_reported_lag","","","","","","","","","","","","","","","","","","","","","","","","","","","","","","","","","","","","",".5623445",".0684065","8.220628","3.55e-09","","","","",".5488155",".0713964","7.686876","1.42e-08",".5447407",".082541","6.599638","2.64e-07"
"_Ipy_2","","","","","","","","","","","","","","","","","","","","","","","","","","","","","","","","","","","","","-.072381",".0084788","-8.536672","1.59e-09",".000909",".0146507",".0620421",".9509409","-.0649624",".0107121","-6.064412","1.16e-06","0",".",".","."
"_Ipy_3","","","","","","","","","","","","","","","","","","","","","","","","","","","","","","","","","","","","","0",".",".",".","0",".",".",".","0",".",".",".",".064203",".012824","5.006492",".0000229"
"_Ipy_4","","","","","","","","","","","","","","","","","","","","","","","","","","","","","","","","","","","","",".0393683",".0111171","3.541239",".0013234",".1563204",".0125113","12.4943","2.02e-13",".0456448",".0135598","3.366181",".0021023",".1095081",".0121256","9.031157","4.65e-10"
"_Ipy_5","","","","","","","","","","","","","","","","","","","","","","","","","","","","","","","","","","","","",".1361974",".0070974","19.1898","2.14e-18",".1256217",".016046","7.828825","9.78e-09",".1240083",".0171461","7.23245","4.74e-08",".1878662",".0271724","6.913862","1.12e-07"
"_Ipy_6","","","","","","","","","","","","","","","","","","","","","","","","","","","","","","","","","","","","",".1396234",".019117","7.303629","3.92e-08",".2424803",".0179265","13.52638","2.65e-14",".1287237",".0224777","5.726721","3.00e-06",".1897944",".0322779","5.880008","1.95e-06"
"_Ipy_7","","","","","","","","","","","","","","","","","","","","","","","","","","","","","","","","","","","","",".213782",".0295521","7.234074","4.72e-08",".3751991",".0304392","12.32618","2.85e-13",".1937535",".0358551","5.403788","7.45e-06",".257035",".0406525","6.322731","5.68e-07"
"_Ipy_8","","","","","","","","","","","","","","","","","","","","","","","","","","","","","","","","","","","","",".3183994",".0118715","26.82047","1.60e-22",".2164601",".0384501","5.629638","3.94e-06",".2850238",".0314036","9.076152","4.16e-10",".3470745",".0460509","7.536764","2.11e-08"
"_Ipy_9","","","","","","","","","","","","","","","","","","","","","","","","","","","","","","","","","","","","","0",".",".",".","0",".",".",".","0",".",".",".","0",".",".","."
"_Ipy_10","","","","","","","","","","","","","","","","","","","","","","","","","","","","","","","","","","","","","-.0514655",".0130712","-3.937307",".0004535","-.093071",".0196776","-4.729798",".0000499","-.1726101",".0190397","-9.065797","4.27e-10","-.3916546",".035624","-10.99413","4.81e-12"
"_Ipy_11","","","","","","","","","","","","","","","","","","","","","","","","","","","","","","","","","","","","","0",".",".",".","-.0011956",".0164979","-.0724712",".942708","-.1221162",".0224839","-5.431283","6.89e-06","-.3407822",".0325022","-10.48489","1.50e-11"
"_Ipy_12","","","","","","","","","","","","","","","","","","","","","","","","","","","","","","","","","","","","",".004044",".0192237",".2103674",".8348032","-.1072982",".0254482","-4.216339",".00021","-.1274935",".0124047","-10.27785","2.41e-11","-.3475059",".0360031","-9.652118","1.04e-10"
"_Ipy_13","","","","","","","","","","","","","","","","","","","","","","","","","","","","","","","","","","","","",".1282126",".0195912","6.544386","3.08e-07","0",".",".",".","0",".",".",".","-.2207422",".037578","-5.87424","1.98e-06"
"_Ipy_14","","","","","","","","","","","","","","","","","","","","","","","","","","","","","","","","","","","","",".3036739",".0216181","14.04718","9.90e-15",".1537356",".0264392","5.814676","2.34e-06",".1711791",".0153555","11.14775","3.44e-12","-.0505296",".0402222","-1.25626",".2187167"
"_Ipy_15","","","","","","","","","","","","","","","","","","","","","","","","","","","","","","","","","","","","",".3644355",".0204562","17.81545","1.67e-17",".4125692",".0376325","10.96312","5.15e-12",".2216562",".0375786","5.898477","1.85e-06","0",".",".","."
"_Ipy_16","","","","","","","","","","","","","","","","","","","","","","","","","","","","","","","","","","","","",".4254428",".0235263","18.0837","1.11e-17",".1591479",".048157","3.304774",".0024684",".2640787",".0369832","7.140504","6.07e-08",".0428576",".0383849","1.116521",".2730621"
"_Ipy_17","","","","","","","","","","","","","","","","","","","","","","","","","","","","","","","","","","","","","0",".",".",".","0",".",".",".","0",".",".",".","0",".",".","."
"_Ipy_18","","","","","","","","","","","","","","","","","","","","","","","","","","","","","","","","","","","","","-.2088979",".0170791","-12.23121","3.46e-13","-.1486278",".0350178","-4.24435",".0001943","-.1837588",".0336677","-5.458017","6.39e-06","-.1899144",".0360396","-5.269607",".0000109"
"_Ipy_19","","","","","","","","","","","","","","","","","","","","","","","","","","","","","","","","","","","","","-.031274",".015578","-2.007576",".0537696","-.0488746",".025858","-1.890115",".0684386","-.015597",".0254432","-.6130116",".5444884","-.0251249",".0238869","-1.05183",".3012768"
"_Ipy_20","","","","","","","","","","","","","","","","","","","","","","","","","","","","","","","","","","","","",".003341",".0133773",".2497479",".8044845",".0597719",".0322172","1.855277",".0734069",".0117504",".0160777",".730847",".4705425","0",".",".","."
"_Ipy_21","","","","","","","","","","","","","","","","","","","","","","","","","","","","","","","","","","","","","0",".",".",".","0",".",".",".","0",".",".",".","-.0102506",".014466","-.7085965",".4840451"
"_Ipy_22","","","","","","","","","","","","","","","","","","","","","","","","","","","","","","","","","","","","",".0552847",".0174499","3.1682",".0035147",".1350816",".0286796","4.710026",".0000528",".0578339",".0181367","3.188773",".0033336",".0468913",".0192816","2.431924",".0212004"
"_Ipy_23","","","","","","","","","","","","","","","","","","","","","","","","","","","","","","","","","","","","",".1551406",".0295302","5.253625",".0000114",".2980641",".0333518","8.936978","5.86e-10",".1486818",".0295358","5.033961",".0000212",".137093",".0296507","4.6236",".0000673"
"_Ipy_24","","","","","","","","","","","","","","","","","","","","","","","","","","","","","","","","","","","","",".2115465",".0436646","4.844805",".0000361",".0604027",".0481663","1.254044",".2195098",".1901066",".0408734","4.651108",".0000623",".1796512",".0406688","4.41742",".0001199"
"_Ipy_25","","","","","","","","","","","","","","","","","","","","","","","","","","","","","","","","","","","","","0",".",".",".","0",".",".",".","0",".",".",".","0",".",".","."
"_Ipy_26","","","","","","","","","","","","","","","","","","","","","","","","","","","","","","","","","","","","","-.1408655",".0082707","-17.03186","5.72e-17","0",".",".",".","-.376429",".0385559","-9.763211","7.97e-11","0",".",".","."
"_Ipy_27","","","","","","","","","","","","","","","","","","","","","","","","","","","","","","","","","","","","","0",".",".",".",".0635119",".0180845","3.51196",".0014306","-.2471708",".0275727","-8.964326","5.48e-10",".1288088",".013979","9.214423","2.97e-10"
"_Ipy_28","","","","","","","","","","","","","","","","","","","","","","","","","","","","","","","","","","","","",".1246472",".0050008","24.92551","1.32e-21",".180481",".0197785","9.125088","3.69e-10","-.12941",".0205517","-6.296793","6.10e-07",".2462974",".0203805","12.08495","4.68e-13"
"_Ipy_29","","","","","","","","","","","","","","","","","","","","","","","","","","","","","","","","","","","","",".1178788",".0064033","18.40894","6.77e-18",".1331434",".031909","4.172594",".0002371","-.1454278",".010397","-13.98748","1.11e-14",".2295309",".0345708","6.63944","2.37e-07"
"_Ipy_30","","","","","","","","","","","","","","","","","","","","","","","","","","","","","","","","","","","","",".1683088",".0103765","16.22022","2.15e-16",".2441694",".0302812","8.063405","5.32e-09","-.09259",".0139757","-6.62509","2.47e-07",".281906",".0316978","8.893562","6.52e-10"
"_Ipy_31","","","","","","","","","","","","","","","","","","","","","","","","","","","","","","","","","","","","",".2712302",".0076579","35.41833","4.90e-26",".2800512",".0409813","6.833635","1.39e-07","0",".",".",".",".3740079",".0427038","8.758188","9.13e-10"
"_Ipy_32","","","","","","","","","","","","","","","","","","","","","","","","","","","","","","","","","","","","",".2242274",".022357","10.02942","4.27e-11",".0240208",".0436025",".5509047",".5857787","-.0542528",".0241338","-2.248002",".0320806",".3216302",".043741","7.353068","3.43e-08"
"_Ipy_33","","","","","","","","","","","","","","","","","","","","","","","","","","","","","","","","","","","","","0",".",".",".","0",".",".",".","0",".",".",".","0",".",".","."
"_Ipy_34","","","","","","","","","","","","","","","","","","","","","","","","","","","","","","","","","","","","","-.1009943",".0121536","-8.309825","2.83e-09","-.1112464",".015726","-7.074063","7.26e-08","-.5921108",".0535271","-11.0619","4.15e-12","-.5935971",".0491834","-12.06905","4.83e-13"
"_Ipy_35","","","","","","","","","","","","","","","","","","","","","","","","","","","","","","","","","","","","","0",".",".",".","0",".",".",".","-.4979412",".0535605","-9.296794","2.43e-10","-.4977705",".051017","-9.75695","8.09e-11"
"_Ipy_36","","","","","","","","","","","","","","","","","","","","","","","","","","","","","","","","","","","","","-.0104572",".0053273","-1.962936",".0589843",".0075201",".0086338",".8710031",".3906694","-.5128127",".0513624","-9.984198","4.75e-11","-.5143592",".048143","-10.68399","9.59e-12"
"_Ipy_37","","","","","","","","","","","","","","","","","","","","","","","","","","","","","","","","","","","","",".0481782",".0067409","7.147111","5.96e-08","-.0010019",".0150273","-.0666749",".9472829","-.4618919",".0412174","-11.20624","3.02e-12","-.4593919",".0448066","-10.25277","2.55e-11"
"_Ipy_38","","","","","","","","","","","","","","","","","","","","","","","","","","","","","","","","","","","","",".0895038",".0084154","10.63568","1.07e-11",".0795476",".0162461","4.896416",".0000312","-.4202917",".0461419","-9.10867","3.84e-10","-.419334",".0443689","-9.451078","1.68e-10"
"_Ipy_39","","","","","","","","","","","","","","","","","","","","","","","","","","","","","","","","","","","","",".1520329",".0303069","5.016451",".0000222",".3426081",".0240404","14.25133","6.78e-15","-.3594511",".0686628","-5.235019",".000012","-.3622375",".0657362","-5.510474","5.51e-06"
"_Ipy_40","","","","","","","","","","","","","","","","","","","","","","","","","","","","","","","","","","","","",".540049",".0332197","16.25689","2.03e-16",".1476258",".0405534","3.640281",".0010154","0",".",".",".","0",".",".","."
"_Ipy_41","","","","","","","","","","","","","","","","","","","","","","","","","","","","","","","","","","","","","0",".",".",".","0",".",".",".","0",".",".",".","0",".",".","."
"_Ipy_42","","","","","","","","","","","","","","","","","","","","","","","","","","","","","","","","","","","","","-.2055757",".0133015","-15.45508","7.90e-16","-.1865831",".0268987","-6.936523","1.05e-07","-.1890371",".0221668","-8.527942","1.63e-09","-.175921",".0282477","-6.227791","7.39e-07"
"_Ipy_43","","","","","","","","","","","","","","","","","","","","","","","","","","","","","","","","","","","","","-.1034086",".01974","-5.238533",".0000119","-.2006868",".0195424","-10.2693","2.46e-11","-.0972393",".0208379","-4.66646",".0000597","-.0861962",".0174611","-4.936469",".0000279"
"_Ipy_44","","","","","","","","","","","","","","","","","","","","","","","","","","","","","","","","","","","","","-.0752964",".0189341","-3.976759",".000407","-.0787653",".0298379","-2.639778",".0130356","-.0700236",".0188513","-3.714516",".0008314","-.0589759",".0148731","-3.965284",".00042"
"_Ipy_45","","","","","","","","","","","","","","","","","","","","","","","","","","","","","","","","","","","","","-.0091975",".0169956","-.5411718",".5923855","-.050533",".0233522","-2.163947",".0385577","-.0109468",".0181203","-.6041191",".5503061","0",".",".","."
"_Ipy_46","","","","","","","","","","","","","","","","","","","","","","","","","","","","","","","","","","","","","-.0784192",".0181123","-4.329617",".0001533","-.1840834",".0238029","-7.733642","1.25e-08","-.0833284",".0222034","-3.752962",".0007493","-.073442",".0164147","-4.474162",".0001023"
"_Ipy_47","","","","","","","","","","","","","","","","","","","","","","","","","","","","","","","","","","","","","0",".",".",".","0",".",".",".","0",".",".",".",".0097159",".017884",".5432722",".5909567"
"_Ipy_48","","","","","","","","","","","","","","","","","","","","","","","","","","","","","","","","","","","","",".2059275",".0465204","4.426609",".0001169","-.0508255",".0383404","-1.325639",".1949658",".1920821",".0470127","4.085752",".0003015",".2015625",".0446985","4.509376",".0000927"
"_Ipy_49","","","","","","","","","","","","","","","","","","","","","","","","","","","","","","","","","","","","","0",".",".",".","0",".",".",".","0",".",".",".","0",".",".","."
"_Ipy_50","","","","","","","","","","","","","","","","","","","","","","","","","","","","","","","","","","","","",".0119384",".0096073","1.242641",".2236258","0",".",".",".","0",".",".",".","0",".",".","."
"_Ipy_51","","","","","","","","","","","","","","","","","","","","","","","","","","","","","","","","","","","","","0",".",".",".","-.038544",".0165594","-2.327612",".026867","-.0206449",".0120644","-1.711227",".0973616","-.0208152",".0117811","-1.766835",".0874295"
"_Ipy_52","","","","","","","","","","","","","","","","","","","","","","","","","","","","","","","","","","","","",".0153057",".0154409",".9912456",".3294938",".1101937",".0133926","8.227945","3.48e-09","-.0042527",".0216266","-.196642",".8454338","-.0046668",".0210603","-.2215944",".8261311"
"_Ipy_53","","","","","","","","","","","","","","","","","","","","","","","","","","","","","","","","","","","","",".0426057",".0218452","1.950349",".0605323",".1477989",".023882","6.18871","8.24e-07",".0154644",".0314827",".491203",".6268573",".0161449",".0312974",".5158553",".6097367"
"_Ipy_54","","","","","","","","","","","","","","","","","","","","","","","","","","","","","","","","","","","","",".0784267",".0140422","5.585085","4.47e-06",".0946989",".027633","3.427019",".0017914",".0456444",".0276781","1.649116",".1095581",".0438163",".0301804","1.451814",".1569321"
"_Ipy_55","","","","","","","","","","","","","","","","","","","","","","","","","","","","","","","","","","","","",".1688527",".0241029","7.005497","8.74e-08",".2848948",".0282931","10.0694","3.89e-11",".1381395",".0334973","4.123895",".0002714",".1360164",".0351929","3.864886",".0005528"
"_Ipy_56","","","","","","","","","","","","","","","","","","","","","","","","","","","","","","","","","","","","",".4637364",".0127119","36.48049","2.06e-26",".2823196",".0387813","7.279787","4.18e-08",".4169622",".0316927","13.15642","5.41e-14",".4135926",".0385371","10.73233","8.60e-12"
"_Ipy_57","","","","","","","","","","","","","","","","","","","","","","","","","","","","","","","","","","","","","0",".",".",".","0",".",".",".","0",".",".",".","0",".",".","."
"_Ipy_58","","","","","","","","","","","","","","","","","","","","","","","","","","","","","","","","","","","","","-.254986",".0206516","-12.34706","2.73e-13","-.2410129",".0468977","-5.139122",".0000157","-.2243974",".0405722","-5.530816","5.21e-06","-.2164709",".0545763","-3.966392",".0004188"
"_Ipy_59","","","","","","","","","","","","","","","","","","","","","","","","","","","","","","","","","","","","","-.0979806",".0243218","-4.028506",".0003531","-.2218802",".0290671","-7.633376","1.63e-08","-.0871756",".0284338","-3.065913",".0045632","-.0860809",".0288885","-2.979767",".005671"
"_Ipy_60","","","","","","","","","","","","","","","","","","","","","","","","","","","","","","","","","","","","","-.0196331",".0175634","-1.11784",".2725073","-.0164493",".0281216","-.5849361",".5629647","-.0176521",".0191611","-.9212462",".3642714","-.0178413",".0193612","-.9214988",".3641417"
"_Ipy_61","","","","","","","","","","","","","","","","","","","","","","","","","","","","","","","","","","","","","-.0830669",".0232849","-3.567413",".0012342","-.2200115",".0254943","-8.629846","1.26e-09","-.0876628",".0235805","-3.717589",".0008245","-.087321",".0220153","-3.966378",".0004188"
"_Ipy_62","","","","","","","","","","","","","","","","","","","","","","","","","","","","","","","","","","","","","0",".",".",".","0",".",".",".","0",".",".",".","0",".",".","."
"_Ipy_63","","","","","","","","","","","","","","","","","","","","","","","","","","","","","","","","","","","","",".0702579",".0186588","3.765407",".0007245",".1104147",".0254436","4.339595",".0001491",".0587772",".0215738","2.724466",".0106378",".0585266",".0217164","2.695043",".0114199"
"_Ipy_64","","","","","","","","","","","","","","","","","","","","","","","","","","","","","","","","","","","","",".1745258",".0380065","4.591994",".0000735","-.1459773",".0296029","-4.931178",".0000283",".1535909",".0396564","3.873039",".0005406",".1540783",".0358911","4.292933",".0001698"
"_Ipy_65","","","","","","","","","","","","","","","","","","","","","","","","","","","","","","","","","","","","","0",".",".",".","0",".",".",".","0",".",".",".","0",".",".","."
"_Ipy_66","","","","","","","","","","","","","","","","","","","","","","","","","","","","","","","","","","","","","-.0836576",".0207699","-4.027826",".0003537",".1584761",".0290633","5.452783","6.49e-06","0",".",".",".","0",".",".","."
"_Ipy_67","","","","","","","","","","","","","","","","","","","","","","","","","","","","","","","","","","","","","0",".",".",".","0",".",".",".",".0585943",".0344474","1.700982",".0992912",".0589501",".0355095","1.660122",".1073086"
"_Ipy_68","","","","","","","","","","","","","","","","","","","","","","","","","","","","","","","","","","","","",".0344257",".0200351","1.718271",".0960533",".197291",".0166293","11.86407","7.41e-13",".1038307",".0162846","6.376018","4.90e-07",".1070294",".0200124","5.348167","8.72e-06"
"_Ipy_69","","","","","","","","","","","","","","","","","","","","","","","","","","","","","","","","","","","","",".1634034",".0336719","4.852819",".0000353",".3935252",".0201643","19.51592","1.34e-18",".218574",".0351763","6.213666","7.68e-07",".2192622",".0345718","6.342223","5.38e-07"
"_Ipy_70","","","","","","","","","","","","","","","","","","","","","","","","","","","","","","","","","","","","",".332404",".0437419","7.599212","1.79e-08",".5856823",".0338193","17.318","3.63e-17",".3741679",".0509816","7.339275","3.56e-08",".375158",".0530868","7.066877","7.40e-08"
"_Ipy_71","","","","","","","","","","","","","","","","","","","","","","","","","","","","","","","","","","","","",".230247",".0506252","4.548076",".0000832",".4619395",".0545132","8.473906","1.86e-09",".2546842",".0717242","3.550881",".0012898",".2554292",".0720138","3.54695",".0013034"
"_Ipy_72","","","","","","","","","","","","","","","","","","","","","","","","","","","","","","","","","","","","",".4250971",".0358386","11.86143","7.46e-13",".3952968",".0652724","6.056109","1.19e-06",".4368339",".0852524","5.124007",".0000164",".4373503",".0854932","5.115617",".0000168"
"_Ipy_73","","","","","","","","","","","","","","","","","","","","","","","","","","","","","","","","","","","","","0",".",".",".","0",".",".",".","0",".",".",".","0",".",".","."
"_Ipy_74","","","","","","","","","","","","","","","","","","","","","","","","","","","","","","","","","","","","","0",".",".",".","-.2699237",".0285093","-9.467906","1.61e-10","-.4979544",".0333488","-14.93171","1.98e-15","-.4952844",".0326465","-15.17112","1.30e-15"
"_Ipy_75","","","","","","","","","","","","","","","","","","","","","","","","","","","","","","","","","","","","",".5016947",".0326775","15.3529","9.43e-16","-.0513023",".0316222","-1.622351",".115192","0",".",".",".","0",".",".","."
"_Ipy_76","","","","","","","","","","","","","","","","","","","","","","","","","","","","","","","","","","","","",".3689485",".0162463","22.70969","1.88e-20","-.0629683",".0206419","-3.050508",".0047449","-.1416131",".020411","-6.938072","1.05e-07","-.1435957",".0215144","-6.674386","2.15e-07"
"_Ipy_77","","","","","","","","","","","","","","","","","","","","","","","","","","","","","","","","","","","","",".3720394",".0213432","17.4313","3.04e-17","-.1318213",".0147903","-8.912676","6.22e-10","-.1440324",".0222587","-6.470831","3.77e-07","-.1441271",".0224317","-6.425154","4.28e-07"
"_Ipy_78","","","","","","","","","","","","","","","","","","","","","","","","","","","","","","","","","","","","",".3834869",".0169631","22.60711","2.13e-20","-.0712445",".0187607","-3.797539",".000664","-.1283561",".0213231","-6.019565","1.32e-06","-.1302354",".0229402","-5.677159","3.45e-06"
"_Ipy_79","","","","","","","","","","","","","","","","","","","","","","","","","","","","","","","","","","","","",".4303788",".0082007","52.48102","4.45e-31",".0743579",".012704","5.853129","2.10e-06","-.0843381",".0333109","-2.531846",".0168193","-.0839483",".0326611","-2.57028",".0153687"
"_Ipy_80","","","","","","","","","","","","","","","","","","","","","","","","","","","","","","","","","","","","",".6958501",".0381902","18.22066","8.99e-18","0",".",".",".",".165566",".0272929","6.066263","1.16e-06",".165922",".0251231","6.604361","2.61e-07"
"_Ipy_81","","","","","","","","","","","","","","","","","","","","","","","","","","","","","","","","","","","","","0",".",".",".","0",".",".",".","0",".",".",".","0",".",".","."
"_Ipy_82","","","","","","","","","","","","","","","","","","","","","","","","","","","","","","","","","","","","","-.2067476",".0103201","-20.03339","6.44e-19","-.3019846",".0162532","-18.57998","5.24e-18","-.3374988",".0133045","-25.36718","7.96e-22","-.3336459",".0202248","-16.49688","1.36e-16"
"_Ipy_83","","","","","","","","","","","","","","","","","","","","","","","","","","","","","","","","","","","","","0",".",".",".","-.2099773",".0136957","-15.33158","9.79e-16","-.1407875",".0101163","-13.91687","1.26e-14","-.1387252",".0153211","-9.054498","4.39e-10"
"_Ipy_84","","","","","","","","","","","","","","","","","","","","","","","","","","","","","","","","","","","","","-.0155252",".0066607","-2.330875",".0266707","-.2530928",".024679","-10.25537","2.53e-11","-.1787224",".0245722","-7.273357","4.25e-08","-.1799051",".0275296","-6.534969","3.16e-07"
"_Ipy_85","","","","","","","","","","","","","","","","","","","","","","","","","","","","","","","","","","","","","-.0570665",".0107488","-5.30913","9.73e-06","-.3574993",".0115047","-31.07422","2.25e-24","-.2078304",".0218597","-9.507456","1.46e-10","-.2073853",".0206325","-10.0514","4.06e-11"
"_Ipy_86","","","","","","","","","","","","","","","","","","","","","","","","","","","","","","","","","","","","","-.0947103",".0079372","-11.93244","6.42e-13","-.2850993",".0084381","-33.78711","1.95e-25","-.2341475",".0097191","-24.09142","3.49e-21","-.233549",".0124939","-18.69305","4.43e-18"
"_Ipy_87","","","","","","","","","","","","","","","","","","","","","","","","","","","","","","","","","","","","",".1420225",".010336","13.74058","1.76e-14","0",".",".",".","0",".",".",".","0",".",".","."
"_Ipy_88","","","","","","","","","","","","","","","","","","","","","","","","","","","","","","","","","","","","",".3786157",".0236916","15.98098","3.22e-16","-.0790011",".020701","-3.8163",".000631",".2142049",".0363039","5.900327","1.84e-06",".2142717",".0351688","6.092671","1.08e-06"
"_Ipy_89","","","","","","","","","","","","","","","","","","","","","","","","","","","","","","","","","","","","","0",".",".",".","0",".",".",".","0",".",".",".","0",".",".","."
"_Ipy_90","","","","","","","","","","","","","","","","","","","","","","","","","","","","","","","","","","","","","0",".",".",".","-.2047848",".0213419","-9.595445","1.19e-10","-.0528124",".0266158","-1.984245",".0564423","-.052762",".0247114","-2.135129",".0410336"
"_Ipy_91","","","","","","","","","","","","","","","","","","","","","","","","","","","","","","","","","","","","",".0300037",".0158228","1.896229",".0675974","-.3248994",".020163","-16.11368","2.57e-16","-.0274184",".0403869","-.6788938",".5024094","-.02829",".0376001","-.7523912",".4576791"
"_Ipy_92","","","","","","","","","","","","","","","","","","","","","","","","","","","","","","","","","","","","","-.0130513",".0164901","-.7914615",".4348881","-.3801243",".0142971","-26.58746","2.06e-22","-.0779583",".0430404","-1.811281",".0801212","-.0786276",".0442124","-1.778404",".0854748"
"_Ipy_93","","","","","","","","","","","","","","","","","","","","","","","","","","","","","","","","","","","","",".0275975",".0100794","2.738013",".0102948","-.1320532",".0285402","-4.626917",".0000667","-.0177087",".022602","-.7835035",".4394737","-.0183976",".0220199","-.8355009",".4100408"
"_Ipy_94","","","","","","","","","","","","","","","","","","","","","","","","","","","","","","","","","","","","",".021514",".0075547","2.847777",".0078736","-.2179795",".0179829","-12.12152","4.34e-13","-.0357526",".0269765","-1.325322",".1950696","-.035917",".0244726","-1.467641",".1526085"
"_Ipy_95","","","","","","","","","","","","","","","","","","","","","","","","","","","","","","","","","","","","",".0541645",".0269539","2.00952",".0535519",".0241787",".0153032","1.579973",".1246005","0",".",".",".","0",".",".","."
"_Ipy_96","","","","","","","","","","","","","","","","","","","","","","","","","","","","","","","","","","","","",".5588472",".0329464","16.96233","6.40e-17","0",".",".",".",".4819807",".0620312","7.769971","1.14e-08",".4789665",".0622985","7.688248","1.41e-08"
"_Ipy_97","","","","","","","","","","","","","","","","","","","","","","","","","","","","","","","","","","","","","0",".",".",".","0",".",".",".","0",".",".",".","0",".",".","."
"_Ipy_98","","","","","","","","","","","","","","","","","","","","","","","","","","","","","","","","","","","","","-.4808468",".0149381","-32.18928","8.04e-25","0",".",".",".","0",".",".",".","0",".",".","."
"_Ipy_99","","","","","","","","","","","","","","","","","","","","","","","","","","","","","","","","","","","","","-.2979059",".0114644","-25.98528","3.98e-22",".1748835",".0160088","10.92423","5.61e-12",".1753301",".012202","14.36892","5.46e-15",".1735111",".0138753","12.50506","1.98e-13"
"_Ipy_100","","","","","","","","","","","","","","","","","","","","","","","","","","","","","","","","","","","","","-.3496215",".0123483","-28.3133","3.35e-23",".0939109",".0198673","4.726907",".0000503",".1138001",".0195323","5.826261","2.27e-06",".1121583",".0221443","5.064875",".0000194"
"_Ipy_101","","","","","","","","","","","","","","","","","","","","","","","","","","","","","","","","","","","","","-.2999292",".0144108","-20.81287","2.21e-19",".1386125",".0240415","5.765541","2.69e-06",".1617424",".0240268","6.731747","1.84e-07",".1610387",".0243055","6.62561","2.46e-07"
"_Ipy_102","","","","","","","","","","","","","","","","","","","","","","","","","","","","","","","","","","","","","-.2555173",".0133739","-19.10573","2.42e-18",".2143614",".0267159","8.023749","5.89e-09",".2043319",".0254097","8.041504","5.63e-09",".200886",".0311817","6.442432","4.08e-07"
"_Ipy_103","","","","","","","","","","","","","","","","","","","","","","","","","","","","","","","","","","","","","-.1699851",".0254232","-6.686219","2.08e-07",".4348486",".0353508","12.30094","3.00e-13",".2860002",".0391304","7.308904","3.86e-08",".2816213",".0440112","6.398856","4.60e-07"
"_Ipy_104","","","","","","","","","","","","","","","","","","","","","","","","","","","","","","","","","","","","","0",".",".",".",".3475391",".049928","6.960803","9.86e-08",".4378039",".0404205","10.83123","6.90e-12",".4366086",".039591","11.02798","4.47e-12"
"_Ipy_105","","","","","","","","","","","","","","","","","","","","","","","","","","","","","","","","","","","","","0",".",".",".","0",".",".",".","0",".",".",".","0",".",".","."
"_Ipy_106","","","","","","","","","","","","","","","","","","","","","","","","","","","","","","","","","","","","","-.1496766",".0087309","-17.14327","4.79e-17","-.2445919",".0315132","-7.761558","1.17e-08","-.5017567",".0351397","-14.2789","6.45e-15","-.500258",".0365093","-13.7022","1.89e-14"
"_Ipy_107","","","","","","","","","","","","","","","","","","","","","","","","","","","","","","","","","","","","","0",".",".",".","-.198801",".0188735","-10.53332","1.35e-11","-.3661073",".0231157","-15.83801","4.10e-16","-.365623",".0229744","-15.9144","3.60e-16"
"_Ipy_108","","","","","","","","","","","","","","","","","","","","","","","","","","","","","","","","","","","","",".0516232",".0169211","3.050827",".0047411","-.048112",".0097544","-4.93236",".0000282","-.3262135",".0339383","-9.611962","1.14e-10","-.3252613",".0316992","-10.26088","2.50e-11"
"_Ipy_109","","","","","","","","","","","","","","","","","","","","","","","","","","","","","","","","","","","","","-.0125971",".0070585","-1.784681",".0844299","-.2393721",".0114111","-20.9771","1.77e-19","-.3955444",".0232795","-16.99111","6.11e-17","-.3966357",".0226176","-17.53661","2.57e-17"
"_Ipy_110","","","","","","","","","","","","","","","","","","","","","","","","","","","","","","","","","","","","","-.018097",".0084252","-2.147975",".039913","-.2053508",".0131685","-15.5941","6.22e-16","-.3901345",".0227792","-17.12675","4.92e-17","-.3901192",".019488","-20.01846","6.58e-19"
"_Ipy_111","","","","","","","","","","","","","","","","","","","","","","","","","","","","","","","","","","","","",".0181321",".0138314","1.310935",".1998264","-.0981834",".0103595","-9.4776","1.57e-10","-.354553",".0303976","-11.66386","1.13e-12","-.3552183",".027741","-12.80482","1.08e-13"
"_Ipy_112","","","","","","","","","","","","","","","","","","","","","","","","","","","","","","","","","","","","",".3836995",".0190806","20.1094","5.79e-19","0",".",".",".","0",".",".",".","0",".",".","."
"_Ipy_113","","","","","","","","","","","","","","","","","","","","","","","","","","","","","","","","","","","","","0",".",".",".","0",".",".",".","0",".",".",".","0",".",".","."
"_Ipy_114","","","","","","","","","","","","","","","","","","","","","","","","","","","","","","","","","","","","","-.4079276",".0445515","-9.156306","3.42e-10","-.1069599",".0165624","-6.458009","3.91e-07","0",".",".",".","-.2046308",".0153779","-13.30682","4.04e-14"
"_Ipy_115","","","","","","","","","","","","","","","","","","","","","","","","","","","","","","","","","","","","","-.1916288",".0495379","-3.86833",".0005476","0",".",".",".",".2055984",".0143349","14.34251","5.74e-15","0",".",".","."
"_Ipy_116","","","","","","","","","","","","","","","","","","","","","","","","","","","","","","","","","","","","","-.1524837",".0373779","-4.079519",".0003067",".1163916",".0134366","8.66227","1.16e-09",".234814",".0231505","10.14293","3.28e-11",".0302922",".0160394","1.888612",".0686469"
"_Ipy_117","","","","","","","","","","","","","","","","","","","","","","","","","","","","","","","","","","","","","-.0708473",".0381822","-1.855505",".0733734",".1645906",".0209593","7.852853","9.18e-09",".3110599",".031017","10.02869","4.28e-11",".1051604",".0234963","4.475606",".0001019"
"_Ipy_118","","","","","","","","","","","","","","","","","","","","","","","","","","","","","","","","","","","","","-.0589216",".0261","-2.257532",".0314118",".2636198",".0248091","10.62595","1.09e-11",".3216956",".0344635","9.334393","2.22e-10",".1161881",".0307939","3.773095",".0007095"
"_Ipy_119","","","","","","","","","","","","","","","","","","","","","","","","","","","","","","","","","","","","","0",".",".",".",".4976045",".0372838","13.34638","3.74e-14",".3748402",".0547416","6.847452","1.34e-07",".1681668",".0532805","3.156255",".0036241"
"_Ipy_120","","","","","","","","","","","","","","","","","","","","","","","","","","","","","","","","","","","","",".0842784",".0344873","2.443754",".0206319",".2422601",".0517389","4.682356",".000057",".4389101",".051735","8.483816","1.82e-09",".2330064",".0441648","5.275841",".0000107"
"_Ipy_121","","","","","","","","","","","","","","","","","","","","","","","","","","","","","","","","","","","","","0",".",".",".","0",".",".",".","0",".",".",".","0",".",".","."
"_Ipy_122","","","","","","","","","","","","","","","","","","","","","","","","","","","","","","","","","","","","","-.006848",".0082864","-.8264166",".4150924","0",".",".",".","-.0013094",".0093071","-.1406929",".889053","0",".",".","."
"_Ipy_123","","","","","","","","","","","","","","","","","","","","","","","","","","","","","","","","","","","","","0",".",".",".","-.0503961",".0136875","-3.681908",".0009078","0",".",".",".",".0017881",".0127183",".1405945",".8891301"
"_Ipy_124","","","","","","","","","","","","","","","","","","","","","","","","","","","","","","","","","","","","","-.0069494",".0054765","-1.268957",".2142137","-.0455647",".0098679","-4.617458",".0000685","-.0044499",".0061081","-.7285299",".4719384","-.0043914",".0125608","-.3496139",".7290709"
"_Ipy_125","","","","","","","","","","","","","","","","","","","","","","","","","","","","","","","","","","","","",".047686",".0086444","5.516383","5.42e-06","-.0347675",".0102151","-3.403533",".0019058",".0480552",".0085618","5.612749","4.13e-06",".0491486",".0128148","3.83529",".0005992"
"_Ipy_126","","","","","","","","","","","","","","","","","","","","","","","","","","","","","","","","","","","","",".0611367",".0085731","7.131213","6.22e-08",".0520241",".0117307","4.43488",".0001142",".0626246",".0085252","7.345828","3.50e-08",".0614923",".0154508","3.979886",".0004035"
"_Ipy_127","","","","","","","","","","","","","","","","","","","","","","","","","","","","","","","","","","","","",".1255138",".0286323","4.383637",".0001318",".2971269",".0166974","17.79476","1.72e-17",".1243362",".0285743","4.351322",".0001443",".1225607",".0285915","4.286619",".0001728"
"_Ipy_128","","","","","","","","","","","","","","","","","","","","","","","","","","","","","","","","","","","","",".2311256",".0229496","10.071","3.88e-11","-.0681878",".0306455","-2.225052",".0337443",".2053688",".032393","6.339907","5.41e-07",".2057267",".0375244","5.482472","5.97e-06"
"_Ipy_129","","","","","","","","","","","","","","","","","","","","","","","","","","","","","","","","","","","","","0",".",".",".","0",".",".",".","0",".",".",".","0",".",".","."
"_Ipy_130","","","","","","","","","","","","","","","","","","","","","","","","","","","","","","","","","","","","","0",".",".",".","-.1646634",".0452645","-3.637806",".0010221","-.4375631",".0438528","-9.977992","4.82e-11","-.2008945",".0238676","-8.417044","2.15e-09"
"_Ipy_131","","","","","","","","","","","","","","","","","","","","","","","","","","","","","","","","","","","","",".1138989",".0084694","13.44828","3.08e-14","-.1294741",".0401949","-3.221161",".0030665","-.3326787",".0395113","-8.419828","2.14e-09","-.0966673",".0197223","-4.901422",".0000308"
"_Ipy_132","","","","","","","","","","","","","","","","","","","","","","","","","","","","","","","","","","","","",".0611299",".0137178","4.456237",".0001076","-.1889011",".0474926","-3.977486",".0004062","-.3877198",".0438677","-8.838392","7.48e-10","-.1530722",".0246302","-6.214806","7.66e-07"
"_Ipy_133","","","","","","","","","","","","","","","","","","","","","","","","","","","","","","","","","","","","",".1107327",".0197953","5.593892","4.36e-06","-.2467267",".0445686","-5.535891","5.13e-06","-.3446376",".0406536","-8.477425","1.85e-09","-.1093894",".0309689","-3.532238",".0013555"
"_Ipy_134","","","","","","","","","","","","","","","","","","","","","","","","","","","","","","","","","","","","",".1045446",".014513","7.203513","5.12e-08","-.1379216",".0493432","-2.795148",".0089587","-.3395038",".0458797","-7.399865","3.03e-08","-.1040261",".0228702","-4.548546",".0000831"
"_Ipy_135","","","","","","","","","","","","","","","","","","","","","","","","","","","","","","","","","","","","",".2176189",".0168826","12.89017","9.14e-14",".0541589",".0405966","1.334075",".1922187","-.2353273",".0493015","-4.77323",".0000442","0",".",".","."
"_Ipy_136","","","","","","","","","","","","","","","","","","","","","","","","","","","","","","","","","","","","",".4707486",".0406725","11.57414","1.37e-12","0",".",".",".","0",".",".",".",".2347923",".0457742","5.129354",".0000162"
"_Ipy_137","","","","","","","","","","","","","","","","","","","","","","","","","","","","","","","","","","","","","0",".",".",".","0",".",".",".","0",".",".",".","0",".",".","."
"_Ipy_138","","","","","","","","","","","","","","","","","","","","","","","","","","","","","","","","","","","","","0",".",".",".","-.0544158",".0491419","-1.107319",".2769558","-.4300059",".0526424","-8.168434","4.06e-09","-.4263527",".051821","-8.227409","3.49e-09"
"_Ipy_139","","","","","","","","","","","","","","","","","","","","","","","","","","","","","","","","","","","","",".166151",".0121136","13.71613","1.84e-14","-.0190775",".0466074","-.409322",".6852112","-.2727778",".0458296","-5.952001","1.59e-06","-.270886",".0436048","-6.212298","7.71e-07"
"_Ipy_140","","","","","","","","","","","","","","","","","","","","","","","","","","","","","","","","","","","","",".1674017",".016951","9.875599","6.12e-11","-.054076",".049203","-1.099039",".280493","-.2797676",".0506817","-5.52009","5.37e-06","-.2798778",".049958","-5.602258","4.26e-06"
"_Ipy_141","","","","","","","","","","","","","","","","","","","","","","","","","","","","","","","","","","","","",".1463831",".0214423","6.826824","1.42e-07","-.0993193",".0525896","-1.888572",".0686525","-.293844",".0485591","-6.051266","1.21e-06","-.2925895",".0502782","-5.819415","2.31e-06"
"_Ipy_142","","","","","","","","","","","","","","","","","","","","","","","","","","","","","","","","","","","","",".1454501",".0179794","8.089813","4.97e-09","-.0518226",".0557301","-.929885",".3598532","-.2894492",".0504406","-5.738424","2.90e-06","-.2907406",".0476114","-6.106527","1.04e-06"
"_Ipy_143","","","","","","","","","","","","","","","","","","","","","","","","","","","","","","","","","","","","",".2749018",".0149531","18.38424","7.02e-18",".1708039",".0446818","3.822671",".0006201","-.1731059",".0556564","-3.11026",".0040765","-.1723658",".0570297","-3.022388",".0050944"
"_Ipy_144","","","","","","","","","","","","","","","","","","","","","","","","","","","","","","","","","","","","",".4628582",".052702","8.782563","8.59e-10","0",".",".",".","0",".",".",".","0",".",".","."
"_Ipy_145","","","","","","","","","","","","","","","","","","","","","","","","","","","","","","","","","","","","","0",".",".",".","0",".",".",".","0",".",".",".","0",".",".","."
"_Ipy_146","","","","","","","","","","","","","","","","","","","","","","","","","","","","","","","","","","","","","0",".",".",".","-.3123569",".0142251","-21.95813","4.87e-20","0",".",".",".","-.3095122",".0194734","-15.89406","3.73e-16"
"_Ipy_147","","","","","","","","","","","","","","","","","","","","","","","","","","","","","","","","","","","","",".1754615",".0146623","11.96687","5.98e-13","-.2925856",".0137262","-21.31591","1.13e-19",".1664142",".0174285","9.548409","1.33e-10","-.1464883",".0171428","-8.545179","1.56e-09"
"_Ipy_148","","","","","","","","","","","","","","","","","","","","","","","","","","","","","","","","","","","","",".210297",".011389","18.46486","6.22e-18","-.2146615",".0089762","-23.91447","4.31e-21",".1984112",".0163585","12.12894","4.27e-13","-.1140581",".0136319","-8.36699","2.44e-09"
"_Ipy_149","","","","","","","","","","","","","","","","","","","","","","","","","","","","","","","","","","","","",".1572802",".0285849","5.502214","5.64e-06","-.4559303",".0125045","-36.46142","2.09e-26",".1366752",".0383325","3.565515",".0012404","-.1766092",".0357095","-4.945726",".0000272"
"_Ipy_150","","","","","","","","","","","","","","","","","","","","","","","","","","","","","","","","","","","","",".1914879",".0220174","8.697113","1.06e-09","-.3183332",".0104369","-30.50078","3.86e-24",".1855554",".023334","7.95215","7.09e-09","-.1294887",".0276109","-4.689764",".0000559"
"_Ipy_151","","","","","","","","","","","","","","","","","","","","","","","","","","","","","","","","","","","","",".3215939",".0090588","35.50057","4.58e-26","0",".",".",".",".3140555",".0107444","29.22979","1.33e-23","0",".",".","."
"_Ipy_152","","","","","","","","","","","","","","","","","","","","","","","","","","","","","","","","","","","","",".3091562",".0267883","11.54073","1.47e-12","-.3387828",".0241805","-14.01058","1.06e-14",".2760316",".0399485","6.909693","1.13e-07","-.036916",".0348061","-1.060621",".297327"
"_Ipy_153","","","","","","","","","","","","","","","","","","","","","","","","","","","","","","","","","","","","","0",".",".",".","0",".",".",".","0",".",".",".","0",".",".","."
"_Ipy_154","","","","","","","","","","","","","","","","","","","","","","","","","","","","","","","","","","","","","-.3332766",".034558","-9.643985","1.06e-10","-.1755992",".0359577","-4.88349",".0000324","-.1802526",".0354815","-5.080191",".0000186","-.7598669",".0608918","-12.47897","2.09e-13"
"_Ipy_155","","","","","","","","","","","","","","","","","","","","","","","","","","","","","","","","","","","","","-.1836847",".0375737","-4.88865",".0000319","-.1296519",".022646","-5.725161","3.01e-06","-.0441862",".0252727","-1.748375",".0906272","-.6198173",".0597568","-10.37233","1.94e-11"
"_Ipy_156","","","","","","","","","","","","","","","","","","","","","","","","","","","","","","","","","","","","","-.1140564",".0361942","-3.151235",".003671","-.0172499",".030948","-.5573844",".5814002",".0197405",".0168898","1.168786",".2516935","-.5587205",".0583608","-9.573555","1.25e-10"
"_Ipy_157","","","","","","","","","","","","","","","","","","","","","","","","","","","","","","","","","","","","","-.1274278",".0292434","-4.357485",".0001418","0",".",".",".","0",".",".",".","-.579079",".057853","-10.00949","4.48e-11"
"_Ipy_158","","","","","","","","","","","","","","","","","","","","","","","","","","","","","","","","","","","","","-.1333853",".0182884","-7.29345","4.03e-08",".0898733",".0254951","3.52512",".0013814","-.0048743",".0182862","-.266555",".7916355","-.5842948",".0662941","-8.813673","7.95e-10"
"_Ipy_159","","","","","","","","","","","","","","","","","","","","","","","","","","","","","","","","","","","","","0",".",".",".",".2527967",".0319952","7.901093","8.10e-09",".1163865",".0298011","3.905439",".0004948","-.4651278",".0712487","-6.528224","3.22e-07"
"_Ipy_160","","","","","","","","","","","","","","","","","","","","","","","","","","","","","","","","","","","","",".4825387",".0718832","6.712813","1.94e-07",".1887188",".0497581","3.792726",".0006727",".5784309",".0597266","9.684647","9.60e-11","0",".",".","."
"_Ipy_161","","","","","","","","","","","","","","","","","","","","","","","","","","","","","","","","","","","","","0",".",".",".","0",".",".",".","0",".",".",".","0",".",".","."
"_Ipy_162","","","","","","","","","","","","","","","","","","","","","","","","","","","","","","","","","","","","","-.4056173",".0301852","-13.4376","3.14e-14","0",".",".",".","0",".",".",".","-.3582212",".0478568","-7.485276","2.42e-08"
"_Ipy_163","","","","","","","","","","","","","","","","","","","","","","","","","","","","","","","","","","","","","-.4121581",".0319257","-12.90993","8.79e-14","-.0997592",".0170596","-5.847673","2.14e-06","-.0174177",".0136789","-1.273324",".2126816","-.3762441",".0406391","-9.258169","2.67e-10"
"_Ipy_164","","","","","","","","","","","","","","","","","","","","","","","","","","","","","","","","","","","","","-.3323298",".0216688","-15.33681","9.70e-16",".1402044",".0109651","12.78641","1.12e-13",".0678764",".0156718","4.331105",".0001526","-.2907955",".0406989","-7.14504","6.00e-08"
"_Ipy_165","","","","","","","","","","","","","","","","","","","","","","","","","","","","","","","","","","","","","-.296134",".0244995","-12.08732","4.65e-13",".0945478",".0249505","3.789408",".0006788",".0902182",".0250328","3.603999",".0011191","-.2669011",".0290239","-9.195905","3.10e-10"
"_Ipy_166","","","","","","","","","","","","","","","","","","","","","","","","","","","","","","","","","","","","","-.138272",".0212976","-6.492387","3.55e-07",".4187905",".0245112","17.08566","5.25e-17",".252183",".0340539","7.405415","2.99e-08","-.1091413",".0250417","-4.358377",".0001415"
"_Ipy_167","","","","","","","","","","","","","","","","","","","","","","","","","","","","","","","","","","","","","-.0478444",".0326554","-1.465129",".1532885",".5858423",".0504236","11.61841","1.25e-12",".3231633",".0595689","5.425033","7.02e-06","-.0371798",".0300143","-1.238737",".225048"
"_Ipy_168","","","","","","","","","","","","","","","","","","","","","","","","","","","","","","","","","","","","","0",".",".",".",".3400392",".0581384","5.848785","2.13e-06",".3599538",".0457726","7.863953","8.92e-09","0",".",".","."
"_Ipy_169","","","","","","","","","","","","","","","","","","","","","","","","","","","","","","","","","","","","","0",".",".",".","0",".",".",".","0",".",".",".","0",".",".","."
"_Ipy_170","","","","","","","","","","","","","","","","","","","","","","","","","","","","","","","","","","","","","-.1816085",".0083236","-21.81851","5.84e-20","-.0926145",".0197875","-4.680453",".0000574","-.1679819",".0157634","-10.65648","1.02e-11","-.172383",".0161751","-10.65727","1.02e-11"
"_Ipy_171","","","","","","","","","","","","","","","","","","","","","","","","","","","","","","","","","","","","","0",".",".",".","0",".",".",".","0",".",".",".","0",".",".","."
"_Ipy_172","","","","","","","","","","","","","","","","","","","","","","","","","","","","","","","","","","","","","-.0006709",".0138677","-.0483811",".9617332","-.0168327",".0195027","-.8630943",".3949334","-.0135418",".0214422","-.6315472",".5324659","-.0208152",".0359796","-.5785281",".5672259"
"_Ipy_173","","","","","","","","","","","","","","","","","","","","","","","","","","","","","","","","","","","","",".0415429",".0121287","3.425174",".0018002","-.0045567",".019062","-.2390463",".8126953",".0377381",".0199919","1.887671",".0687775",".0310932",".0342",".9091579",".3705133"
"_Ipy_174","","","","","","","","","","","","","","","","","","","","","","","","","","","","","","","","","","","","",".0488302",".0133867","3.647661",".0009954","-.0426962",".0245808","-1.736973",".092651",".0321582",".0226872","1.417456",".1666527",".023298",".0422233",".5517809",".5851857"
"_Ipy_175","","","","","","","","","","","","","","","","","","","","","","","","","","","","","","","","","","","","",".0440742",".0203066","2.17044",".0380186",".1429781",".0245525","5.823362","2.29e-06",".0366283",".0215721","1.697949",".0998687",".03079",".0294149","1.04675",".3035757"
"_Ipy_176","","","","","","","","","","","","","","","","","","","","","","","","","","","","","","","","","","","","",".234777",".0374899","6.262408","6.71e-07",".0459711",".0401274","1.145629",".2610057",".2116387",".0370307","5.715223","3.10e-06",".2055787",".0394056","5.216986",".0000126"
"_Ipy_177","","","","","","","","","","","","","","","","","","","","","","","","","","","","","","","","","","","","","0",".",".",".","0",".",".",".","0",".",".",".","0",".",".","."
"_Ipy_178","","","","","","","","","","","","","","","","","","","","","","","","","","","","","","","","","","","","","-.2702284",".0242492","-11.14383","3.47e-12","-.1711922",".030117","-5.684229","3.38e-06","-.2088014",".0238713","-8.746972","9.38e-10","-.2061793",".0297838","-6.922533","1.09e-07"
"_Ipy_179","","","","","","","","","","","","","","","","","","","","","","","","","","","","","","","","","","","","","-.2329206",".0258129","-9.023414","4.73e-10","-.2134702",".0235147","-9.078171","4.14e-10","-.1815256",".0177837","-10.20742","2.83e-11","-.1785431",".0231612","-7.708709","1.34e-08"
"_Ipy_180","","","","","","","","","","","","","","","","","","","","","","","","","","","","","","","","","","","","","-.2249442",".0323271","-6.958375","9.93e-08","-.2194503",".0309369","-7.093489","6.89e-08","-.1736142",".0222837","-7.791074","1.08e-08","-.1724937",".0231508","-7.450862","2.65e-08"
"_Ipy_181","","","","","","","","","","","","","","","","","","","","","","","","","","","","","","","","","","","","","-.2155929",".0268781","-8.021148","5.93e-09","-.1699",".0260944","-6.510971","3.37e-07","-.1690365",".018166","-9.305096","2.38e-10","-.1663781",".0207707","-8.010245","6.10e-09"
"_Ipy_182","","","","","","","","","","","","","","","","","","","","","","","","","","","","","","","","","","","","","-.0458944",".0229717","-1.997866",".0548681","0",".",".",".","0",".",".",".","0",".",".","."
"_Ipy_183","","","","","","","","","","","","","","","","","","","","","","","","","","","","","","","","","","","","","0",".",".",".",".1423154",".0255759","5.564425","4.74e-06",".0355466",".0250492","1.419075",".1661842",".036228",".0258967","1.398941",".1720848"
"_Ipy_184","","","","","","","","","","","","","","","","","","","","","","","","","","","","","","","","","","","","",".3134021",".0277108","11.30973","2.42e-12",".2772138",".0353459","7.84289","9.43e-09",".3343353",".0268235","12.46426","2.15e-13",".3361865",".0258455","13.00753","7.25e-14"
"_Ipy_185","","","","","","","","","","","","","","","","","","","","","","","","","","","","","","","","","","","","","0",".",".",".","0",".",".",".","0",".",".",".","0",".",".","."
"_Ipy_186","","","","","","","","","","","","","","","","","","","","","","","","","","","","","","","","","","","","","-.1577882",".0003634","-434.2202","1.53e-58","-.129659",".0101564","-12.76617","1.17e-13","-.4617213",".0642497","-7.186358","5.37e-08","-.1498315",".0081372","-18.41313","6.72e-18"
"_Ipy_187","","","","","","","","","","","","","","","","","","","","","","","","","","","","","","","","","","","","","0",".",".",".","0",".",".",".","-.3125206",".0560251","-5.578225","4.56e-06","0",".",".","."
"_Ipy_188","","","","","","","","","","","","","","","","","","","","","","","","","","","","","","","","","","","","",".1265809",".0085556","14.79507","2.53e-15",".0217388",".011264","1.929941",".0631173","-.1972355",".0404841","-4.871928",".0000334",".1140249",".0202081","5.642546","3.80e-06"
"_Ipy_189","","","","","","","","","","","","","","","","","","","","","","","","","","","","","","","","","","","","",".0118077",".0115512","1.022201",".3148586","-.1351385",".0169689","-7.963911","6.88e-09","-.3174651",".0335902","-9.451137","1.68e-10","-.0073213",".0299704","-.2442834",".8086744"
"_Ipy_190","","","","","","","","","","","","","","","","","","","","","","","","","","","","","","","","","","","","",".1482777",".0158982","9.326716","2.26e-10",".2563193",".0073934","34.66862","9.18e-26","-.1674023",".063596","-2.632277",".0132706",".1398201",".02226","6.281227","6.37e-07"
"_Ipy_191","","","","","","","","","","","","","","","","","","","","","","","","","","","","","","","","","","","","",".2096758",".0253852","8.259759","3.21e-09",".304527",".0371547","8.19619","3.78e-09","-.1295024",".0571393","-2.266432",".0307985",".1787849",".0443729","4.02915",".0003524"
"_Ipy_192","","","","","","","","","","","","","","","","","","","","","","","","","","","","","","","","","","","","",".35511",".0275096","12.90859","8.82e-14","-.0045255",".0435711","-.1038637",".9179688","0",".",".",".",".3109783",".0597789","5.202136",".0000132"
"_Ipy_193","","","","","","","","","","","","","","","","","","","","","","","","","","","","","","","","","","","","","0",".",".",".","0",".",".",".","0",".",".",".","0",".",".","."
"_Ipy_194","","","","","","","","","","","","","","","","","","","","","","","","","","","","","","","","","","","","","0",".",".",".","-.2110757",".0210262","-10.03868","4.18e-11","-.2175854",".0148998","-14.60326","3.57e-15","-.2151516",".0172018","-12.50752","1.97e-13"
"_Ipy_195","","","","","","","","","","","","","","","","","","","","","","","","","","","","","","","","","","","","",".0929829",".0147172","6.317961","5.75e-07","-.2770935",".0226323","-12.24327","3.37e-13","-.1344322",".0217051","-6.193583","8.13e-07","-.1322265",".0240768","-5.491863","5.81e-06"
"_Ipy_196","","","","","","","","","","","","","","","","","","","","","","","","","","","","","","","","","","","","",".0018721",".012565",".1489947",".8825549","-.2984893",".0235284","-12.68635","1.37e-13","-.2226374",".0217045","-10.25765","2.52e-11","-.2256161",".0275651","-8.184843","3.89e-09"
"_Ipy_197","","","","","","","","","","","","","","","","","","","","","","","","","","","","","","","","","","","","",".1294723",".0125346","10.32923","2.14e-11","-.0939847",".0235901","-3.984069",".0003989","-.0976812",".022517","-4.338112",".0001497","-.0926644",".0256678","-3.610147",".0011009"
"_Ipy_198","","","","","","","","","","","","","","","","","","","","","","","","","","","","","","","","","","","","",".0952504",".0246924","3.857472",".0005641","-.3670927",".0295589","-12.41902","2.36e-13","-.144132",".0375955","-3.833755",".0006017","-.1449854",".0412914","-3.511275",".0014332"
"_Ipy_199","","","","","","","","","","","","","","","","","","","","","","","","","","","","","","","","","","","","",".2219926",".0147731","15.02685","1.67e-15","0",".",".",".","0",".",".",".","0",".",".","."
"_Ipy_200","","","","","","","","","","","","","","","","","","","","","","","","","","","","","","","","","","","","",".5617571",".0490314","11.45709","1.76e-12","-.1481614",".0275849","-5.371114","8.17e-06",".3138299",".0592199","5.299395",".00001",".3137485",".0605404","5.182464",".0000139"
"_Ipy_201","","","","","","","","","","","","","","","","","","","","","","","","","","","","","","","","","","","","","0",".",".",".","0",".",".",".","0",".",".",".","0",".",".","."
"_Ipy_202","","","","","","","","","","","","","","","","","","","","","","","","","","","","","","","","","","","","","-.1797537",".0117125","-15.34717","9.53e-16","0",".",".",".","0",".",".",".","0",".",".","."
"_Ipy_203","","","","","","","","","","","","","","","","","","","","","","","","","","","","","","","","","","","","","0",".",".",".",".1836793",".0159967","11.48236","1.67e-12",".1724458",".0128467","13.42331","3.23e-14",".168821",".0176321","9.574641","1.25e-10"
"_Ipy_204","","","","","","","","","","","","","","","","","","","","","","","","","","","","","","","","","","","","","-.0130459",".0050409","-2.587989",".0147401",".1354159",".0278767","4.85767",".0000348",".1425665",".0270744","5.265738",".000011",".1373193",".0361896","3.794439",".0006696"
"_Ipy_205","","","","","","","","","","","","","","","","","","","","","","","","","","","","","","","","","","","","","-.059062",".0066316","-8.906116","6.32e-10",".0618674",".0293259","2.109654",".0433392",".0966819",".028933","3.341573",".0022423",".092353",".0358383","2.576935",".0151296"
"_Ipy_206","","","","","","","","","","","","","","","","","","","","","","","","","","","","","","","","","","","","","-.063918",".0079268","-8.063495","5.32e-09",".0876473",".0239734","3.656029",".0009733",".0968234",".0224009","4.322303",".0001564",".0920948",".0306931","3.000501",".0053832"
"_Ipy_207","","","","","","","","","","","","","","","","","","","","","","","","","","","","","","","","","","","","",".0351754",".0092473","3.803841",".0006527",".2303426",".0274289","8.397813","2.26e-09",".1942001",".0256775","7.563053","1.97e-08",".1898898",".0323197","5.875355","1.98e-06"
"_Ipy_208","","","","","","","","","","","","","","","","","","","","","","","","","","","","","","","","","","","","",".2981813",".0174463","17.09139","5.20e-17",".2840023",".0357202","7.950759","7.12e-09",".4450509",".0304542","14.61378","3.50e-15",".4398691",".0375187","11.72399","9.96e-13"
"_Ipy_209","","","","","","","","","","","","","","","","","","","","","","","","","","","","","","","","","","","","","0",".",".",".","0",".",".",".","0",".",".",".","0",".",".","."
"_Ipy_210","","","","","","","","","","","","","","","","","","","","","","","","","","","","","","","","","","","","","-.3810332",".0395997","-9.62212","1.11e-10","0",".",".",".","0",".",".",".","-.1021056",".0086519","-11.80152","8.46e-13"
"_Ipy_211","","","","","","","","","","","","","","","","","","","","","","","","","","","","","","","","","","","","","-.2705478",".0411847","-6.569142","2.88e-07",".0653966",".0104643","6.24948","6.96e-07",".10125",".010404","9.731849","8.58e-11","0",".",".","."
"_Ipy_212","","","","","","","","","","","","","","","","","","","","","","","","","","","","","","","","","","","","","-.2629203",".027186","-9.671183","9.91e-11",".1812906",".0126876","14.28879","6.33e-15",".1097505",".0150364","7.298972","3.97e-08",".0060904",".01358",".4484838",".6570267"
"_Ipy_213","","","","","","","","","","","","","","","","","","","","","","","","","","","","","","","","","","","","","-.1035908",".0144516","-7.168102","5.64e-08",".4010085",".0271458","14.77239","2.63e-15",".2592715",".0312391","8.299596","2.90e-09",".161361",".0281213","5.738036","2.91e-06"
"_Ipy_214","","","","","","","","","","","","","","","","","","","","","","","","","","","","","","","","","","","","",".0442777",".0170451","2.597681",".0144061",".4719958",".0452811","10.42367","1.73e-11",".391165",".0426656","9.168167","3.32e-10",".2874229",".0386588","7.434868","2.76e-08"
"_Ipy_215","","","","","","","","","","","","","","","","","","","","","","","","","","","","","","","","","","","","","0",".",".",".",".5320746",".0569548","9.342049","2.18e-10",".3403054",".0580582","5.861454","2.05e-06",".2366781",".053991","4.38366",".0001318"
"_Ipy_216","","","","","","","","","","","","","","","","","","","","","","","","","","","","","","","","","","","","",".031086",".0461988",".6728757",".5061768",".1685072",".0618085","2.726278",".0105913",".3581162",".0603108","5.937841","1.66e-06",".2544184",".0556247","4.573843",".0000774"
"_Ipy_217","","","","","","","","","","","","","","","","","","","","","","","","","","","","","","","","","","","","","0",".",".",".","0",".",".",".","0",".",".",".","0",".",".","."
"_Ipy_218","","","","","","","","","","","","","","","","","","","","","","","","","","","","","","","","","","","","",".0886254",".0127403","6.956315","9.98e-08","-.4576326",".06298","-7.266318","4.33e-08",".102473",".0192918","5.311735","9.66e-06","-.1605315",".0394955","-4.06455",".0003197"
"_Ipy_219","","","","","","","","","","","","","","","","","","","","","","","","","","","","","","","","","","","","","0",".",".",".","-.6817338",".0481869","-14.14769","8.21e-15","0",".",".",".","-.2649868",".0309447","-8.563226","1.49e-09"
"_Ipy_220","","","","","","","","","","","","","","","","","","","","","","","","","","","","","","","","","","","","",".1250657",".0309824","4.036665",".0003452","-.2944436",".073087","-4.02867",".0003529",".1460784",".037078","3.939757",".0004505","-.1232476",".030081","-4.097197",".0002921"
"_Ipy_221","","","","","","","","","","","","","","","","","","","","","","","","","","","","","","","","","","","","",".1886881",".0127984","14.74311","2.77e-15","-.5003832",".0391237","-12.78977","1.12e-13",".1769048",".0209162","8.4578","1.94e-09","-.0889144",".0233846","-3.802268",".0006555"
"_Ipy_222","","","","","","","","","","","","","","","","","","","","","","","","","","","","","","","","","","","","",".2697717",".0329019","8.199268","3.75e-09","-.20306",".0396736","-5.118263",".0000167",".2705407",".0332499","8.136581","4.40e-09","0",".",".","."
"_Ipy_223","","","","","","","","","","","","","","","","","","","","","","","","","","","","","","","","","","","","",".3588682",".0560189","6.406196","4.51e-07","0",".",".",".",".3386415",".0602579","5.619865","4.05e-06",".073241",".0368605","1.986976",".0561236"
"_Ipy_224","","","","","","","","","","","","","","","","","","","","","","","","","","","","","","","","","","","","",".6395161",".0373924","17.10284","5.11e-17","-.0570782",".0397586","-1.43562",".161456",".5983616",".0514014","11.64097","1.19e-12",".3301885",".0471378","7.004747","8.76e-08"
"_Ipy_225","","","","","","","","","","","","","","","","","","","","","","","","","","","","","","","","","","","","","0",".",".",".","0",".",".",".","0",".",".",".","0",".",".","."
"_Ipy_226","","","","","","","","","","","","","","","","","","","","","","","","","","","","","","","","","","","","","-.2076831",".0105987","-19.59518","1.19e-18","0",".",".",".","0",".",".",".","0",".",".","."
"_Ipy_227","","","","","","","","","","","","","","","","","","","","","","","","","","","","","","","","","","","","","0",".",".",".",".0485202",".026433","1.835594",".0763487",".1862333",".0248611","7.490958","2.38e-08",".1778978",".0394219","4.512669",".0000919"
"_Ipy_228","","","","","","","","","","","","","","","","","","","","","","","","","","","","","","","","","","","","","-.1589771",".0066246","-23.9979","3.90e-21","-.0632422",".0241258","-2.621353",".0136199",".0257781",".0251512","1.024924",".3135928",".0173716",".0409819",".4238856",".6746733"
"_Ipy_229","","","","","","","","","","","","","","","","","","","","","","","","","","","","","","","","","","","","",".2136025",".0066998","31.8821","1.06e-24",".2462111",".0266812","9.227884","2.87e-10",".3966818",".031023","12.78671","1.12e-13",".38664",".0509359","7.590722","1.83e-08"
"_Ipy_230","","","","","","","","","","","","","","","","","","","","","","","","","","","","","","","","","","","","",".1315065",".0193284","6.80378","1.51e-07",".2618662",".0462189","5.665779","3.56e-06",".3005062",".0431717","6.960719","9.87e-08",".2916782",".058565","4.980418",".0000246"
"_Ipy_231","","","","","","","","","","","","","","","","","","","","","","","","","","","","","","","","","","","","",".2381567",".0411522","5.787217","2.53e-06",".5398209",".0540229","9.992437","4.66e-11",".4050701",".0537699","7.533397","2.13e-08",".3947823",".069817","5.654529","3.67e-06"
"_Ipy_232","","","","","","","","","","","","","","","","","","","","","","","","","","","","","","","","","","","","",".1030404",".0146767","7.020697","8.39e-08",".0571082",".0740424",".7712904",".4465676",".2455699",".0641322","3.82912",".0006094",".2367926",".0752781","3.145571",".0037247"
"_Ipy_233","","","","","","","","","","","","","","","","","","","","","","","","","","","","","","","","","","","","","0",".",".",".","0",".",".",".","0",".",".",".","0",".",".","."
"_Ipy_234","","","","","","","","","","","","","","","","","","","","","","","","","","","","","","","","","","","","","0",".",".",".","-.1431089",".0160942","-8.891946","6.55e-10","-.1392755",".0125025","-11.13982","3.50e-12","-.1394169",".0124293","-11.21682","2.96e-12"
"_Ipy_235","","","","","","","","","","","","","","","","","","","","","","","","","","","","","","","","","","","","",".146886",".0111052","13.22676","4.72e-14","0",".",".",".","0",".",".",".","0",".",".","."
"_Ipy_236","","","","","","","","","","","","","","","","","","","","","","","","","","","","","","","","","","","","",".1196981",".0143472","8.342976","2.60e-09","-.1068148",".0193078","-5.532208","5.19e-06","-.041177",".0232814","-1.768668",".0871173","-.0430776",".0272238","-1.582353",".1240559"
"_Ipy_237","","","","","","","","","","","","","","","","","","","","","","","","","","","","","","","","","","","","",".1683713",".0156991","10.72487","8.75e-12","-.0167713",".0181059","-.9262869",".3616891",".0127246",".0181215",".7021853",".4879763",".0110709",".0220225",".5027081",".6188402"
"_Ipy_238","","","","","","","","","","","","","","","","","","","","","","","","","","","","","","","","","","","","",".1272178",".0079079","16.08746","2.69e-16","-.063094",".0262151","-2.40678",".0224563",".0025478",".0236721",".1076275",".9150078",".0009035",".0272614",".0331431",".97378"
"_Ipy_239","","","","","","","","","","","","","","","","","","","","","","","","","","","","","","","","","","","","",".2071125",".0238536","8.682641","1.10e-09",".117089",".0249793","4.687437",".0000562",".0273791",".0205827","1.330198",".1934776",".0253375",".0238553","1.062133",".2966512"
"_Ipy_240","","","","","","","","","","","","","","","","","","","","","","","","","","","","","","","","","","","","",".2924038",".0166873","17.52249","2.63e-17","-.0423111",".0381307","-1.109635",".2759722",".0940839",".0301326","3.122326",".0039528",".0946545",".0343169","2.758246",".0098017"
"_Ipy_241","","","","","","","","","","","","","","","","","","","","","","","","","","","","","","","","","","","","","0",".",".",".","0",".",".",".","0",".",".",".","0",".",".","."
"_Ipy_242","","","","","","","","","","","","","","","","","","","","","","","","","","","","","","","","","","","","","0",".",".",".","0",".",".",".","0",".",".",".","0",".",".","."
"_Ipy_243","","","","","","","","","","","","","","","","","","","","","","","","","","","","","","","","","","","","","0",".",".",".","0",".",".",".","0",".",".",".","0",".",".","."
"_Ipy_244","","","","","","","","","","","","","","","","","","","","","","","","","","","","","","","","","","","","","0",".",".",".","0",".",".",".","0",".",".",".","0",".",".","."
"_Ipy_245","","","","","","","","","","","","","","","","","","","","","","","","","","","","","","","","","","","","","0",".",".",".","0",".",".",".","0",".",".",".","0",".",".","."
"_Ipy_246","","","","","","","","","","","","","","","","","","","","","","","","","","","","","","","","","","","","","0",".",".",".","0",".",".",".","0",".",".",".","0",".",".","."
"_Ipy_247","","","","","","","","","","","","","","","","","","","","","","","","","","","","","","","","","","","","","0",".",".",".","0",".",".",".","0",".",".",".","0",".",".","."
"_Ipy_248","","","","","","","","","","","","","","","","","","","","","","","","","","","","","","","","","","","","","0",".",".",".","0",".",".",".","0",".",".",".","0",".",".","."
"ln_quota_amt_1lag","","","","","","","","","","","","","","","","","","","","","","","","","","","","","","","","","","","","","","","","",".2104491",".0686909","3.063712",".0045888",".0585659",".0645417",".907411",".3714211",".0646174",".0809484",".7982548",".4309967"
"exceedquota_lag","","","","","","","","","","","","","","","","","","","","","","","","","","","","","","","","","","","","","","","","","","","","","","","","",".0319681",".1006484",".317622",".7529719"
"ln_reported_exceedquota_x_lag","","","","","","","","","","","","","","","","","","","","","","","","","","","","","","","","","","","","","","","","","","","","","","","","","-.006129",".0184107","-.3329014",".741524"
"_cons",".2571955",".0509876","5.044278",".0000206",".2571955",".0509876","5.044278",".0000206",".2302762",".072078","3.194821",".006487","1.043441",".422341","2.470614",".0269525","1.132755",".4478013","2.529594",".0240499",".8234651",".0385908","21.3384","1.09e-19",".7881265",".05547","14.20815","1.04e-09","1.186934",".3384457","3.507013",".0034863","1.2607",".383493","3.287412",".0053958","2.114002",".3505559","6.030428","1.28e-06","4.109114",".3724721","11.032","4.43e-12","2.006681",".4454059","4.505286",".0000938","2.026167",".4537838","4.465049",".000105"
"N","1755","","","","1755","","","","855","","","","855","","","","855","","","","1755","","","","855","","","","855","","","","855","","","","1453","","","","1449","","","","1449","","","","1449","","",""
"r2",".1505357","","","",".1505357","","","",".1533651","","","",".1554703","","","",".2913303","","","",".1284839","","","",".1306999","","","",".1315752","","","",".3409631","","","",".9939221","","","",".9899975","","","",".9938951","","","",".9938967","","",""
"df_m","15","","","","15","","","","14","","","","14","","","","14","","","","15","","","","14","","","","14","","","","14","","","","30","","","","30","","","","30","","","","30","","",""
"df_r","30","","","","30","","","","14","","","","14","","","","14","","","","30","","","","14","","","","14","","","","14","","","","30","","","","30","","","","30","","","","30","","",""
"df_b","","","","","","","","","","","","","","","","","","","","","","","","","","","","","","","","","","","","","","","","","","","","","","","","","","","",""
"df","","","","","","","","","","","","","","","","","","","","","","","","","","","","","","","","","","","","","","","","","","","","","","","","","","","",""
