"","est1","","",""
"","b","se","t","p"
"op_win_prev1","-.0312595",".1102764","-.283465",".7769659"
"op_win_prev2","-.1192679",".0762569","-1.564028",".1185958"
"op_win_prev3","-.0920326",".0763994","-1.204626",".2290548"
"op_win_prev4","-.0066406",".106833","-.0621587",".9504673"
"op_win_prev5","-.1890503",".0920961","-2.05275",".0407421"
"op_win_prev6","-.2185589",".108453","-2.015239",".044543"
"op_win_prev7","-.0339889",".106624","-.3187736",".7500633"
"op_win_prev8","-.2035192",".1042442","-1.952331",".0515909"
"op_win_prev9",".0302017",".1444237",".2091188",".8344611"
"op_win_prev10",".0632517",".1889142",".3348168",".7379375"
"op_win_prev11",".1188415",".1880942",".6318191",".5278634"
"op_win_prev12",".0690748",".2045787",".3376441",".7358072"
"op_win_prev13",".1466935",".1949138",".7526071",".4521254"
"op_win_prev14",".0333544",".2039903",".1635096",".8701992"
"op_win_prev15","-.016785",".2286854","-.073398",".9415258"
"op_win_prev16",".1719044",".3320466",".5177119",".6049434"
"op_win_prev17",".8143783",".7407075","1.09946",".2722238"
"op_win_prev18","-1.374791","1.56673","-.8774907",".380743"
"bond_win_prev1","-.2865037",".1483224","-1.931628",".0541063"
"bond_win_prev2","-.1454148",".083172","-1.748363",".0811627"
"bond_win_prev3","-.25786",".0980006","-2.631207",".0088346"
"bond_win_prev4","-.0934836",".116809","-.8003122",".4240014"
"bond_win_prev5","-.130379",".096582","-1.349931",".1777957"
"bond_win_prev6","-.0296606",".1203388","-.2464757",".8054395"
"bond_win_prev7","-.0514246",".1197173","-.4295502",".6677524"
"bond_win_prev8",".0054099",".1193313",".045335",".9638627"
"bond_win_prev9","-.0116317",".1272846","-.0913834",".9272334"
"bond_win_prev10",".037948",".136587",".2778305",".7812849"
"bond_win_prev11",".0627508",".2018771",".3108367",".7560855"
"bond_win_prev12","-.0864591",".1699877","-.5086199",".611297"
"bond_win_prev13",".088265",".1873054",".471236",".6377272"
"bond_win_prev14",".2931492",".2533922","1.156899",".2479989"
"bond_win_prev15",".3931798",".2907956","1.352083",".177107"
"bond_win_prev16",".1322004",".2446509",".5403636",".5892448"
"bond_win_prev17",".3100644",".3825734",".8104704",".4181482"
"bond_win_prev18",".5439238",".4673569","1.16383",".2451816"
"yrdums1",".2091842",".1724545","1.212982",".2258472"
"yrdums2",".204938",".1613056","1.270495",".2046413"
"yrdums3",".0912829",".1622409",".5626381",".5739942"
"yrdums4",".1832933",".1689319","1.085013",".2785646"
"yrdums5",".1003656",".1653522",".6069808",".5442054"
"yrdums6",".0974053",".1524982",".6387311",".5233607"
"yrdums7",".0713836",".1512632",".4719167",".6372416"
"yrdums8","-.1125571",".1638238","-.6870621",".4924387"
"yrdums9",".4330543",".1464939","2.956125",".0032984"
"yrdums10","-.0187048",".1433799","-.1304564",".8962704"
"yrdums11",".3616603",".1314691","2.750914",".0062109"
"yrdums12",".4344242",".1322121","3.285812",".0011059"
"yrdums13",".286701",".1272171","2.253636",".0247558"
"yrdums14",".3060839",".1243941","2.460598",".0142891"
"yrdums15",".2501774",".1156978","2.162335",".0311802"
"yrdums16",".0566761",".1045081",".5423132",".5879025"
"yrdums17",".0393299",".08141",".4831093",".6292804"
"yrdums18","-.0233063",".0696791","-.3344798",".7381915"
"yrdums19","0",".",".","."
"op_ismeas_prev1","-.018175",".3796352","-.0478749",".9618396"
"op_ismeas_prev2","-.2826078",".4462592","-.6332817",".5269089"
"op_ismeas_prev3",".0115529",".4747338",".0243355",".980597"
"op_ismeas_prev4","-.46601",".3428844","-1.359088",".1748789"
"op_ismeas_prev5","-.1673685",".4949114","-.3381786",".7354047"
"op_ismeas_prev6","-.4454631",".523718","-.8505782",".3955088"
"op_ismeas_prev7","-.0265804",".5003048","-.0531284",".957656"
"op_ismeas_prev8",".2162077",".5159873",".4190174",".6754266"
"op_ismeas_prev9",".1049515",".5729329",".1831828",".8547467"
"op_ismeas_prev10",".0627582",".5588558",".1122977",".9106432"
"op_ismeas_prev11",".6131963",".5814214","1.054651",".2922171"
"op_ismeas_prev12",".2346455",".6455855",".3634616",".7164507"
"op_ismeas_prev13","-.3261362",".6512034","-.5008209",".6167706"
"op_ismeas_prev14","-.0018112",".9190658","-.0019706",".9984286"
"op_ismeas_prev15","1.023661","1.216765",".8412971",".4006804"
"op_ismeas_prev16",".0033078","1.089733",".0030354",".9975796"
"op_ismeas_prev17","-1.526149","1.351597","-1.129145",".2595082"
"op_ismeas_prev18","106.6897","73.98922","1.441963",".1500896"
"bond_ismeas_prev1","-.057877",".4155758","-.1392694",".8893069"
"bond_ismeas_prev2",".2688706",".4562732",".5892754",".5560067"
"bond_ismeas_prev3","-.0248017",".3728193","-.0665247",".9469931"
"bond_ismeas_prev4",".1177161",".5121975",".2298256",".8183439"
"bond_ismeas_prev5",".7636992",".5284666","1.445123",".1492004"
"bond_ismeas_prev6",".1722625",".4554447",".3782292",".7054595"
"bond_ismeas_prev7","1.505717",".6508027","2.31363",".0211905"
"bond_ismeas_prev8",".8051758",".5283833","1.523848",".1283311"
"bond_ismeas_prev9","1.188181",".5258714","2.259452",".0243887"
"bond_ismeas_prev10",".8170525",".5240532","1.559102",".1197571"
"bond_ismeas_prev11",".1898422",".6088807",".3117889",".7553622"
"bond_ismeas_prev12",".2821114",".6188094",".455894",".6487118"
"bond_ismeas_prev13","1.179725",".6518674","1.809762",".0710776"
"bond_ismeas_prev14","1.390907",".9548433","1.456686",".1459818"
"bond_ismeas_prev15","1.87839","1.377715","1.363409",".1735147"
"bond_ismeas_prev16","1.703292","1.670346","1.019724",".3084712"
"bond_ismeas_prev17","2.310122","1.840556","1.255122",".2101617"
"bond_ismeas_prev18","3.026611","2.203026","1.373842",".1702543"
"op_month_prev1","-.017768",".0117746","-1.509012",".1320792"
"op_month_prev2","-.0181303",".0101242","-1.790793",".0740769"
"op_month_prev3","-.0025103",".0150758","-.1665133",".8678365"
"op_month_prev4",".0059911",".016056",".3731387",".7092414"
"op_month_prev5","-.0079928",".0126712","-.6307841",".5285392"
"op_month_prev6","-.0211346",".0123076","-1.7172",".0867109"
"op_month_prev7","-.0116665",".0108654","-1.073727",".2835876"
"op_month_prev8","-.0093655",".0110716","-.845902",".3981094"
"op_month_prev9","-.0217475",".0159233","-1.36577",".1727729"
"op_month_prev10","-.0438839",".0164733","-2.663934",".0080331"
"op_month_prev11","-.027024",".0185193","-1.459238",".1452787"
"op_month_prev12","-.0056368",".0177725","-.3171649",".7512827"
"op_month_prev13","-.0177238",".0179092","-.9896491",".3229395"
"op_month_prev14","-.0187959",".0198105","-.9487842",".343299"
"op_month_prev15",".0016218",".0265881",".0609973",".9513916"
"op_month_prev16",".0127532",".0342135",".372755",".7095268"
"op_month_prev17",".0922168",".0604053","1.526635",".1276363"
"op_month_prev18","2.619167","1.946995","1.345235",".1793057"
"bond_month_prev1","-.0090692",".0100091","-.906091",".3654291"
"bond_month_prev2","-.0138348",".0101399","-1.364393",".1732054"
"bond_month_prev3","-.0152286",".0114974","-1.324527",".1860786"
"bond_month_prev4","-.0288096",".0108632","-2.65203",".0083168"
"bond_month_prev5","-.0239857",".0127608","-1.879642",".0608781"
"bond_month_prev6","-.0193446",".0138314","-1.398599",".1627025"
"bond_month_prev7","-.0227653",".0141928","-1.604009",".1094953"
"bond_month_prev8","-.0166463",".0114383","-1.45531",".1463619"
"bond_month_prev9","-.0181888",".0143992","-1.263177",".2072557"
"bond_month_prev10","-.0086792",".0151417","-.5731948",".5668325"
"bond_month_prev11","-.0077726",".0182874","-.4250255",".6710449"
"bond_month_prev12","-.022264",".0150537","-1.478973",".1399287"
"bond_month_prev13","-.0355041",".0137325","-2.585403",".0100768"
"bond_month_prev14","-.0322352",".0185682","-1.736041",".0833209"
"bond_month_prev15","-.038991",".0183332","-2.126793",".0340442"
"bond_month_prev16","-.0013503",".0201462","-.0670237",".946596"
"bond_month_prev17","-.0216413",".0252668","-.8565137",".3922227"
"bond_month_prev18",".0324464",".0238682","1.3594",".1747801"
"op_percent_prev1",".0081373",".0157534",".5165399",".6057607"
"op_percent_prev2",".0259532",".0183526","1.414142",".1580924"
"op_percent_prev3",".017364",".020344",".8535187",".3938788"
"op_percent_prev4",".0244443",".0154241","1.584809",".113794"
"op_percent_prev5",".0284757",".0206096","1.381677",".1678363"
"op_percent_prev6",".0275076",".0205938","1.335719",".1823948"
"op_percent_prev7",".003733",".0201594",".1851722",".8531871"
"op_percent_prev8","-.0154396",".0196802","-.784523",".4331942"
"op_percent_prev9",".0063521",".0221239",".2871148",".774172"
"op_percent_prev10",".0072683",".0228292",".3183784",".7503628"
"op_percent_prev11","-.019692",".0234401","-.8401",".4013505"
"op_percent_prev12","-.0049205",".0266211","-.1848341",".8534522"
"op_percent_prev13",".0239938",".0248424",".9658414",".3347028"
"op_percent_prev14",".0216538",".0358191",".6045315",".5458305"
"op_percent_prev15","-.031867",".0484131","-.6582313",".5107654"
"op_percent_prev16",".0097113",".0419511",".2314917",".8170504"
"op_percent_prev17",".0301943",".0426813",".7074363",".4797043"
"op_percent_prev18","-4.192167","2.963154","-1.414765",".1579096"
"op_percent2_prev1","-.0000819",".0001686","-.4859126",".6272932"
"op_percent2_prev2","-.0002303",".0001742","-1.321909",".1869482"
"op_percent2_prev3","-.0002194",".0002133","-1.028673",".3042503"
"op_percent2_prev4","-.0002812",".0001579","-1.781003",".0756651"
"op_percent2_prev5","-.0003174",".0002043","-1.553701",".1210408"
"op_percent2_prev6","-.0002605",".0002041","-1.276419",".2025423"
"op_percent2_prev7","-.0000349",".0001948","-.179045",".8579924"
"op_percent2_prev8",".000227",".000188","1.20792",".2277863"
"op_percent2_prev9","-.0001272",".0002306","-.5516666",".5814825"
"op_percent2_prev10","-.0000754",".0002579","-.2923625",".77016"
"op_percent2_prev11",".0001504",".0002596",".5792262",".5627602"
"op_percent2_prev12",".0000408",".0003002",".1357817",".8920617"
"op_percent2_prev13","-.0002879",".0002467","-1.166943",".2439236"
"op_percent2_prev14","-.0003158",".0003392","-.9311412",".352338"
"op_percent2_prev15",".0002633",".0004477",".5879717",".5568806"
"op_percent2_prev16","-.000172",".0003957","-.4345326",".6641343"
"op_percent2_prev17","-.0003267",".0003876","-.8429474",".3997579"
"op_percent2_prev18",".0335569",".0240298","1.396469",".1633421"
"bond_percent_prev1",".0051514",".014588",".3531295",".724176"
"bond_percent_prev2","-.0118449",".0155145","-.7634749",".4456269"
"bond_percent_prev3","-.0029346",".0139386","-.2105388",".8333536"
"bond_percent_prev4","-.0002138",".0188554","-.0113382",".9909593"
"bond_percent_prev5","-.0334128",".0197538","-1.691466",".0915209"
"bond_percent_prev6","-.0046157",".0173705","-.2657186",".7905918"
"bond_percent_prev7","-.0577487",".0245464","-2.352636",".0191209"
"bond_percent_prev8","-.0274237",".0196922","-1.39262",".1645026"
"bond_percent_prev9","-.0511357",".0196666","-2.600131",".0096613"
"bond_percent_prev10","-.0334163",".0191392","-1.745959",".08158"
"bond_percent_prev11","-.013868",".0222121","-.624343",".5327557"
"bond_percent_prev12","-.0165241",".0232772","-.7098855",".4781857"
"bond_percent_prev13","-.0414425",".023246","-1.782782",".0753744"
"bond_percent_prev14","-.0511583",".0341511","-1.498",".1349161"
"bond_percent_prev15","-.0660335",".0500589","-1.319117",".1878791"
"bond_percent_prev16","-.0586266",".0576115","-1.01762",".3094692"
"bond_percent_prev17","-.0664362",".0644849","-1.03026",".3035059"
"bond_percent_prev18","-.1287063",".0815094","-1.579036",".1151124"
"bond_percent2_prev1","-.0000222",".0001154","-.1927362",".8472627"
"bond_percent2_prev2",".0001472",".0001351","1.089543",".2765654"
"bond_percent2_prev3",".0001044",".0001275",".8192027",".413155"
"bond_percent2_prev4",".0000288",".0001645",".1752478",".860973"
"bond_percent2_prev5",".0003639",".0001968","1.848628",".0652439"
"bond_percent2_prev6",".0000175",".000158",".1109688",".9116963"
"bond_percent2_prev7",".000542",".0002426","2.233971",".0260329"
"bond_percent2_prev8",".0002242",".0001694","1.32355",".186403"
"bond_percent2_prev9",".0005023",".0001802","2.787463",".0055636"
"bond_percent2_prev10",".0003238",".0001676","1.932191",".0540365"
"bond_percent2_prev11",".0001398",".0001899",".736181",".4620488"
"bond_percent2_prev12",".0002556",".0002032","1.257892",".2091593"
"bond_percent2_prev13",".0003944",".0001977","1.995241",".0466894"
"bond_percent2_prev14",".0004366",".0002794","1.563026",".1188315"
"bond_percent2_prev15",".0005349",".0003907","1.368906",".1717912"
"bond_percent2_prev16",".0004938",".0004686","1.053604",".2926957"
"bond_percent2_prev17",".000467",".0005209",".8964659",".3705392"
"bond_percent2_prev18",".0010998",".0006593","1.668025",".0960875"
"recurring_prev1","-.1426017",".158349","-.9005531",".3683638"
"recurring_prev2","-.2553061",".1481751","-1.723003",".085655"
"recurring_prev3","-.0918167",".0999403","-.9187156",".3587939"
"recurring_prev4",".2054523",".1768294","1.161867",".245977"
"recurring_prev5","-.1453495",".1084379","-1.340394",".1808723"
"recurring_prev6",".1218303",".1338931",".9099077",".3634151"
"recurring_prev7","-.1338901",".1186318","-1.128619",".2597302"
"recurring_prev8",".0193893",".1980306",".0979108",".9220518"
"recurring_prev9","-.3970218",".149931","-2.648031",".0084141"
"recurring_prev10","-.3296191",".2089267","-1.577678",".1154241"
"recurring_prev11","-.1252719",".1837751","-.6816585",".4958464"
"recurring_prev12",".043667",".22499",".194084",".8462079"
"recurring_prev13","-.0580927",".1690396","-.3436635",".7312786"
"recurring_prev14","-.0478269",".2312313","-.2068357",".8362426"
"recurring_prev15",".1761897",".1982021",".8889393",".374566"
"recurring_prev16","-.0383562",".3108549","-.1233893",".9018603"
"recurring_prev17",".3509837",".4631929",".7577484",".4490445"
"recurring_prev18","0",".",".","."
"op_numelec_prev1","-.0189356",".0417102","-.4539797",".6500878"
"op_numelec_prev2","-.1785744",".076669","-2.329162",".020344"
"op_numelec_prev3","-.183797",".0870523","-2.111339",".0353583"
"op_numelec_prev4","-.0463502",".0629175","-.7366818",".4617445"
"op_numelec_prev5","-.2881565",".1485779","-1.93943",".0531465"
"op_numelec_prev6","-.0069929",".0439886","-.1589708",".8737715"
"op_numelec_prev7","-.0080557",".0466307","-.1727557",".8629302"
"op_numelec_prev8",".1355361",".0538522","2.516815",".0122294"
"op_numelec_prev9",".0594022",".071051",".8360504",".4036219"
"op_numelec_prev10",".0393995",".0608093",".6479188",".5174064"
"op_numelec_prev11",".0558987",".0542997","1.029448",".3038864"
"op_numelec_prev12","-.03934",".0798914","-.4924183",".6226918"
"op_numelec_prev13","-.0318822",".0765642","-.4164112",".6773308"
"op_numelec_prev14","-.1039291",".0850321","-1.222233",".2223338"
"op_numelec_prev15","-.1370715",".0761434","-1.800175",".0725807"
"op_numelec_prev16","-.1043926",".1014018","-1.029495",".3038645"
"op_numelec_prev17",".0177754",".1523189",".1166988",".9071568"
"op_numelec_prev18","0",".",".","."
"bond_numelec_prev1",".0528127",".038989","1.354556",".1763181"
"bond_numelec_prev2",".0664669",".0360936","1.841517",".0662805"
"bond_numelec_prev3",".0502574",".0366657","1.370692",".171234"
"bond_numelec_prev4","-.0124578",".0302699","-.4115579",".6808823"
"bond_numelec_prev5",".0991117",".0388868","2.548726",".0111816"
"bond_numelec_prev6",".0187969",".0309485",".607363",".5439521"
"bond_numelec_prev7",".0346977",".029501","1.176154",".2402275"
"bond_numelec_prev8",".0109655",".0337402",".3249974",".7453517"
"bond_numelec_prev9",".0144882",".0299559",".4836508",".6288964"
"bond_numelec_prev10",".0428844",".0362621","1.182625",".2376549"
"bond_numelec_prev11",".0787234",".0526554","1.495068",".1356793"
"bond_numelec_prev12",".0603909",".0461695","1.308026",".1916101"
"bond_numelec_prev13",".0431281",".0530962",".8122641",".4171196"
"bond_numelec_prev14",".0419712",".0730009",".5749414",".5656517"
"bond_numelec_prev15",".0565671",".0523981","1.079565",".2809817"
"bond_numelec_prev16","-.0203948",".0458454","-.4448609",".6566591"
"bond_numelec_prev17","-.0673547",".0738613","-.9119079",".3623624"
"bond_numelec_prev18","-.1035693",".1099511","-.9419578",".3467786"
"_cons",".9162062",".1567593","5.844668","1.05e-08"
"N","7614","","",""
"r2",".671441","","",""
"df_m","237","","",""
"df_r","403","","",""
"df_b","","","",""
"df","","","",""
