"","est1","","","","est2","","","","est3","","","","est4","","",""
"","b","se","t","p","b","se","t","p","b","se","t","p","b","se","t","p"
"i_povrate_enacted","-.0170673",".0018969","-8.997483","1.14e-18","","","","",".0033425",".0022201","1.505531",".1325034","","","",""
"i_povrate_exLAW","-.0118959",".0015646","-7.60296","6.65e-14","","","","","-.0004987",".0015588","-.3199582",".7490668","","","",""
"i_povrate_exSAW",".0065273",".0016278","4.00988",".0000653","","","","",".0061304",".0016834","3.641579",".0002849","","","",""
"_Iyearmonth_319",".0722762",".0719166","1.005",".3151398",".0722762",".0719166","1.005",".3151398",".3469327",".0753897","4.601861","4.73e-06",".3469327",".0753897","4.601861","4.73e-06"
"_Iyearmonth_320","-.049676",".0726683","-.6835995",".4943865","-.049676",".0726683","-.6835995",".4943865",".1864905",".0730803","2.551858",".0108628",".1864905",".0730803","2.551858",".0108628"
"_Iyearmonth_321","-.0577812",".0707342","-.8168781",".4141927","-.0577812",".0707342","-.8168781",".4141927",".2317212",".0710651","3.260689",".001149",".2317212",".0710651","3.260689",".001149"
"_Iyearmonth_322",".1316466",".0803905","1.637588",".1018223",".2274543",".0874569","2.600758",".0094391",".0696669",".0736944",".9453492",".344709",".1242853",".0798768","1.555962",".1200334"
"_Iyearmonth_323",".0443242",".0784751",".5648182",".5723241",".1401319",".0853454","1.641938",".1009172",".0084071",".0726583",".1157077",".9079074",".0630255",".0788813",".7989908",".4244855"
"_Iyearmonth_324",".3083964",".0805336","3.829411",".0001364",".4042042",".0873991","4.624811","4.24e-06",".1526641",".0774171","1.97197",".0488882",".2072825",".0829923","2.497611",".0126631"
"_Iyearmonth_325",".1101968",".0801827","1.374322",".1696496",".2060046",".0878617","2.344646",".01924",".0907577",".0783635","1.158162",".2470743",".145376",".0838379","1.734013",".083224"
"_Iyearmonth_326",".167177",".0822456","2.032656",".0423511",".2629847",".0879109","2.991492",".0028443",".2331613",".0774134","3.011899",".0026615",".2877796",".0838313","3.432842",".0006218"
"_Iyearmonth_327","-.5615745",".0829535","-6.76975","2.20e-11","-.4657667",".089783","-5.187694","2.58e-07",".111281",".0771171","1.443013",".1493299",".1658994",".0818204","2.027603",".0428655"
"_Iyearmonth_328","-.2896161",".0848896","-3.411677",".0006715","-.1938083",".0905856","-2.139505",".0326363",".1695867",".07836","2.1642",".0306851",".2242051",".085594","2.619402",".0089418"
"_Iyearmonth_329","-.2597474",".0841091","-3.088219",".0020691","-.1639397",".0913638","-1.794362",".0730574",".2521659",".0755297","3.338631",".000873",".3067842",".0802724","3.82179",".0001407"
"_Iyearmonth_330","-.2064783",".083873","-2.461798",".0139921","-.1106705",".0901904","-1.227077",".2200825",".2265987",".0774223","2.926788",".0035023",".2812171",".0845837","3.32472",".0009172"
"_Iyearmonth_331","-.0549314",".0855664","-.6419745",".5210369",".0408763",".0917932",".4453091",".6561928",".3365283",".0803308","4.189279",".0000305",".3911467",".0872608","4.482504","8.23e-06"
"_Iyearmonth_332","-.0698717",".0836142","-.8356433",".4035552",".0259361",".0895762",".2895424",".7722263",".3674208",".080592","4.559021","5.78e-06",".4220391",".086227","4.894514","1.15e-06"
"_Iyearmonth_333",".0083776",".0830164",".1009152",".919638",".1041854",".0882214","1.180953",".237902",".3330895",".0787211","4.231261",".0000254",".3877079",".0856626","4.525989","6.73e-06"
"_Iyearmonth_334","-.1273534",".0826095","-1.541632",".1234795","-.0315456",".0889983","-.3544517",".7230751",".3223254",".0773563","4.166761",".0000336",".3769437",".0830067","4.541126","6.28e-06"
"_Iyearmonth_335","-.2485922",".0851695","-2.918794",".0035926","-.1527845",".0908779","-1.681205",".0930353",".2767465",".0816845","3.387992",".0007315",".3313648",".0874377","3.789725",".0001598"
"_Iyearmonth_336","-.0016621",".0832094","-.0199751",".9840672",".0941456",".0901281","1.044575",".2964717",".4616597",".0833017","5.542023","3.82e-08",".5162781",".0887899","5.814604","8.17e-09"
"_Iyearmonth_337","-.0811419",".0867391","-.9354713",".3497713",".0146658",".0912321",".1607527",".8723206",".3927352",".0812764","4.832094","1.56e-06",".4473535",".0873534","5.121193","3.64e-07"
"_Iyearmonth_338","-.0815578",".0858106","-.9504398",".3421185",".0142499",".0896916",".1588767",".8737981",".3806116",".0807585","4.712961","2.79e-06",".4352299",".0853769","5.097746","4.11e-07"
"_Iyearmonth_339",".0022109",".0896816",".0246524",".9803371",".0980186",".0957683","1.023497",".3063203",".5036853",".0822314","6.125222","1.30e-09",".5583037",".0883249","6.321025","3.91e-10"
"_Iyearmonth_340","-.4501423",".0806413","-5.582033","3.06e-08","-.3254363",".0903641","-3.601389",".0003321",".3205406",".0804123","3.986215",".000072",".3968204",".0899063","4.413708",".0000113"
"_Iyearmonth_341","-.4616768",".0836691","-5.517889","4.37e-08","-.3369708",".0933901","-3.608206",".0003236",".3335013",".0767936","4.342828",".0000155",".4097811",".0850523","4.817987","1.67e-06"
"_Iyearmonth_342","-.3411352",".0835185","-4.084545",".0000477","-.2164292",".094178","-2.298086",".0217626",".2732027",".0772563","3.536318",".0004244",".3494824",".0868927","4.022",".0000621"
"_Iyearmonth_343","-.3071534",".0833962","-3.683064",".0002428","-.1824474",".0912359","-1.999734",".0457991",".2267222",".0748291","3.029868",".0025095",".3030019",".0843267","3.593189",".0003426"
"_Iyearmonth_344","-.3821082",".0827724","-4.616371","4.41e-06","-.2574022",".0931821","-2.762358",".0058438",".161001",".0742182","2.169293",".0302955",".2372807",".0826347","2.871441",".0041723"
"_Iyearmonth_345","-.4203902",".0846251","-4.967681","7.97e-07","-.2956843",".0936007","-3.158996",".0016306",".214081",".0757643","2.825617",".0048129",".2903608",".0854456","3.398193",".0007051"
"_Iyearmonth_346","-.4231388",".0841363","-5.029205","5.84e-07","-.2984328",".0921945","-3.236991",".0012477",".1941146",".0767605","2.528834",".0115971",".2703944",".085518","3.161842",".0016149"
"_Iyearmonth_347","-.4441226",".0839765","-5.288652","1.51e-07","-.3112074",".0947285","-3.285256",".0010543",".1017941",".0784836","1.297012",".1949263",".1279146",".0857633","1.491484",".1361497"
"_Iyearmonth_348","-.2618856",".0856515","-3.057573",".0022907","-.1289703",".0930372","-1.386223",".1659877",".3425788",".080987","4.230045",".0000255",".3686993",".0909192","4.055242",".000054"
"_Iyearmonth_349","-.3815811",".0855739","-4.459084","9.16e-06","-.2486659",".0950303","-2.6167",".0090124",".3154832",".0792468","3.981021",".0000736",".3416037",".0875319","3.902619",".0001015"
"_Iyearmonth_350","-.3805323",".0856911","-4.440742","9.96e-06","-.247617",".0940432","-2.633014",".0085936",".3500957",".081477","4.296868",".000019",".3762162",".0889893","4.227654",".0000258"
"_Iyearmonth_351","-.3030611",".0847045","-3.577861",".000363","-.1701458",".093333","-1.822998",".0686021",".452925",".0803298","5.638316","2.23e-08",".4790455",".0869761","5.507786","4.62e-08"
"_Iyearmonth_352","-.2700805",".087173","-3.098212",".0020013","-.1371653",".0957041","-1.433222",".1521068",".4358628",".0809671","5.383206","9.12e-08",".4619832",".0884463","5.223321","2.14e-07"
"_Iyearmonth_353","-.0182199",".0851944","-.2138622",".8306981",".1146954",".0932999","1.229319",".2192413",".2685596",".0818002","3.283118",".0010622",".2946801",".089838","3.280126",".0010734"
"_Iyearmonth_354","-.0902586",".0878104","-1.02788",".3042548",".0426566",".0959352",".4446402",".656676",".4191272",".0841452","4.981002","7.45e-07",".4452477",".0925488","4.81095","1.73e-06"
"_Iyearmonth_355","-.1283259",".087829","-1.461089",".1443051",".0045893",".0953253",".0481433",".9616116",".526944",".0827763","6.365884","2.95e-10",".5530645",".0916135","6.036935","2.21e-09"
"_Iyearmonth_356",".0074408",".0900401",".0826388",".9341552",".140356",".097911","1.433507",".1520256",".424971",".0808686","5.255079","1.81e-07",".4510914",".0893134","5.050658","5.23e-07"
"_Iyearmonth_357","-.2447738",".0869428","-2.815343",".0049682","-.1118586",".094782","-1.180167",".2382145",".3358161",".0811792","4.136725",".0000382",".3619366",".0878914","4.118",".0000414"
"_Iyearmonth_358","-.3357829",".084254","-3.985365",".0000723","-.2028677",".0930243","-2.180802",".0294305",".308993",".0792377","3.899569",".0001028",".3351135",".0876155","3.824821",".000139"
"_Iyearmonth_359","-.3982815",".0853363","-4.667201","3.47e-06","-.2653663",".093847","-2.827649",".0047827",".354735",".080197","4.423295",".0000108",".3808555",".0881049","4.32275",".000017"
"_Iyearmonth_360","-.2465638",".0884911","-2.786311",".005432","-.1136486",".0981931","-1.157399",".2473858",".6128578",".0852507","7.188893","1.28e-12",".6389783",".093393","6.841821","1.36e-11"
"_Iyearmonth_361","-.3089043",".0895825","-3.448267",".0005877","-.175989",".0972105","-1.810392",".0705351",".6682446",".0895284","7.464048","1.82e-13",".6943651",".0977312","7.104846","2.29e-12"
"_Iyearmonth_362","-.1988764",".0906611","-2.193623",".0284921","-.0659611",".1004466","-.6566789",".5115385",".6148712",".0882556","6.966939","5.87e-12",".6409917",".0967394","6.625965","5.63e-11"
"_Iyearmonth_363","-.1277331",".0895279","-1.426741",".1539668",".0051822",".0979747",".0528928",".9578279",".6306189",".0884598","7.128873","1.94e-12",".6567394",".0971304","6.761417","2.32e-11"
"_Iyearmonth_364","-.0339749",".0891748","-.3809923",".7032899",".0989403",".0969827","1.020185",".3078875",".7688628",".0889728","8.641544","2.17e-17",".7949832",".0969404","8.200746","7.28e-16"
"_Iyearmonth_365","-.1065656",".0888295","-1.199665",".2305536",".0263496",".0986494",".2671036",".7894444",".5893128",".0866897","6.797958","1.82e-11",".6154333",".0940659","6.542579","9.64e-11"
"_Iyearmonth_366","-.2042681",".0901293","-2.26639",".0236405","-.0713529",".0981808","-.7267501",".4675491",".6210966",".0837926","7.41231","2.64e-13",".6472171",".0931106","6.951057","6.53e-12"
"_Iyearmonth_367","-.048079",".0905403","-.5310231",".5955207",".0848362",".0970573",".8740842",".3822823",".968923",".0887127","10.92204","2.59e-26",".9950435",".0954198","10.42806","3.06e-24"
"_Iyearmonth_368","-.0232747",".0934658","-.2490179",".8033981",".1096406",".0989002","1.108598",".26787",".6098894",".0847177","7.199076","1.19e-12",".6360098",".0905182","7.026318","3.92e-12"
"_Iyearmonth_369","-.0824697",".0920791","-.8956401",".3706606",".0504455",".0993992",".507504",".6119132",".8610247",".0906955","9.493577","1.58e-20",".8871452",".0990371","8.957703","1.59e-18"
"_Iyearmonth_370","-.2085539",".0906785","-2.299927",".0216576","-.0756387",".0982322","-.7699992",".4414822",".4647777",".0876192","5.304518","1.39e-07",".4908982",".0947548","5.180721","2.67e-07"
"_Iyearmonth_371","-.0935831",".0867869","-1.07831",".2811556",".0393321",".0950615",".4137543",".6791427",".4262902",".0848458","5.024292","5.98e-07",".4524107",".093699","4.828343","1.59e-06"
"_Iyearmonth_372",".1054179",".1074118",".9814366",".3266149",".2383331",".113181","2.10577",".0354731","1.167914",".1079591","10.81812","7.17e-26","1.194035",".1150505","10.37836","4.91e-24"
"_Iyearmonth_373","-.0009864",".1068779","-.0092297",".9926377",".1319288",".1130128","1.167379",".2433358","1.070437",".1080397","9.907814","3.87e-22","1.096557",".1145028","9.576683","7.60e-21"
"_Iyearmonth_374",".1044949",".1076917",".9703153",".332124",".2374101",".117175","2.026116",".0430179",".9617608",".1059463","9.077816","5.76e-19",".9878813",".1128856","8.751169","8.84e-18"
"i_pct_foreign_enacted","","","","","-.0400629",".004875","-8.218009","6.37e-16","","","","","-.0002631",".0048391","-.0543645",".9566556"
"i_pct_foreign_exLAW","","","","","-.0237378",".0042625","-5.568997","3.29e-08","","","","","-.003255",".0041732","-.7799906",".435581"
"i_pct_foreign_exSAW","","","","",".0103656",".0045084","2.299162",".0217011","","","","",".0161302",".0045197","3.568832",".0003756"
"_cons","-2.337981",".0542675","-43.08254","4.1e-230","-2.337981",".0542766","-43.07533","4.5e-230","-3.741651",".0505015","-74.08983","0","-3.741651",".05063","-73.90181","0"
"N","57057","","","","57057","","","","57057","","","","57057","","",""
"r2",".3914768","","","",".3911588","","","",".289151","","","",".2890069","","",""
"df_m","59","","","","59","","","","59","","","","59","","",""
"df_r","1000","","","","1000","","","","1000","","","","1000","","",""
"df_b","","","","","","","","","","","","","","","",""
"df","","","","","","","","","","","","","","","",""
