"","est1","","","","est2","","","","owncorsup","","","","est4","","","","est5","","","","est6","","",""
"","b","se","t","p","b","se","t","p","b","se","t","p","b","se","t","p","b","se","t","p","b","se","t","p"
"ygrsup","-.0965111",".0137173","-7.035698","1.04e-11","-.04315",".0174233","-2.476572",".0137412","-.058298",".016307","-3.575024",".0003991","-.0730797",".0179778","-4.06499",".0000616","-.0886875",".0167611","-5.291282","2.34e-07","","","",""
"oldrsup",".0192907",".0137987","1.398005",".1629895",".0240525",".0201535","1.193463",".2335036",".0316375",".0155061","2.040332",".0420631","-.005491",".0173624","-.3162601",".7520272",".0068175",".0145677",".4679866",".6401317","","","",""
"lnurate","-.0088763",".0108949","-.814721",".4157813",".0021811",".0126795",".1720161",".8635252","-.0122271",".0104492","-1.17014",".2427364",".0054113",".011649",".4645263",".6426111","-.0073718",".0091253","-.8078422",".4198173","","","",""
"time",".0345599",".0028271","12.22459","6.75e-29",".0162646",".0073876","2.201606",".0283509",".0509207",".0044721","11.38641","8.73e-26",".0219012",".0060727","3.606517",".0003639",".0418433",".0053091","7.881419","5.92e-14",".0591437",".0039242","15.07161","5.02e-40"
"stdum1","-.0546098",".0182439","-2.993326",".002954","-.0738196",".0187909","-3.928479",".0001032","-.13621",".0251696","-5.411691","1.16e-07","-.1376154",".0428756","-3.209646",".0014745","-.1458642",".0429494","-3.396185",".0007748","-.0958487",".0215086","-4.456298",".0000112"
"stdum2",".0109541",".0244898",".4472927",".6549381","-.0223185",".0262239","-.8510752",".3953145","-.0865488",".0241943","-3.577233",".0003958","-.0018706",".0444551","-.0420794",".9664637","-.0147868",".041206","-.3588509",".7199574","-.0504833",".0221418","-2.279998",".0232003"
"stdum3","-.0137898",".0268313","-.5139455",".6076117","-.0422602",".0267809","-1.577997",".1154775","-.1061018",".0272614","-3.892011",".0001189","-.0308514",".0514456","-.5996891",".5491707","-.0404355",".0523781","-.7719928",".4407224","-.0684639",".0245841","-2.784886",".0056418"
"stdum4",".0824692",".0213645","3.860103",".0001348",".0232657",".0266472",".8731004",".3832121","-.0332272",".0184998","-1.796083",".0733387",".0010635",".040065",".0265448",".9788406","-.0040433",".037835","-.1068671",".9149654","-.0181697",".0200274","-.9072401",".3648952"
"stdum5",".0361379",".0232813","1.552224",".1215047",".0007143",".0272943",".0261691",".9791375","-.0587022",".0265469","-2.211263",".0276597",".0030154",".055286",".0545416",".9565403","-.0065588",".0545762","-.120176",".9044236","-.0268928",".0264143","-1.018114",".3093172"
"stdum6",".0907057",".0257752","3.519109",".0004897",".0424139",".0292063","1.452215",".1473455","-.0172245",".0237075","-.7265425",".4679891",".0471086",".0434992","1.082977",".279697",".0391095",".0417513",".9367252",".3496484",".0064478",".0237112",".2719285",".785835"
"stdum7",".1131423",".0187139","6.045889","3.78e-09",".0658944",".0215341","3.059998",".0023858",".0104496",".0187372",".5576938",".577408",".0254557",".0386636",".6583889",".5107983",".0211815",".0365614",".5793404",".5627914",".0296989",".0190035","1.562812",".1189878"
"stdum8",".1012319",".0225134","4.496509","9.38e-06",".0488184",".026354","1.852408",".0648162","-.0080953",".0210033","-.3854286",".7001527",".0075384",".0434112",".1736505",".8622585",".0016456",".0418943",".0392787",".9686942",".0142147",".0217602",".6532426",".5140227"
"stdum9",".0516014",".0199286","2.589317",".0100146",".0292901",".0188329","1.555257",".1207963","-.0294509",".0258393","-1.139775",".2551551","-.0766792",".0453384","-1.691265",".0918351","-.0814524",".0440697","-1.848264",".0655417",".0021681",".0217598",".0996395",".9206868"
"stdum10",".0394033",".0193901","2.032132",".0428886",".0170211",".0191349",".8895317",".3743337","-.0425741",".0244872","-1.738626",".0829749","-.0789799",".0438423","-1.801456",".0726451","-.0848563",".0417037","-2.034742",".0427501","-.0068704",".0210817","-.3258926",".7446977"
"stdum11",".0014333",".0180368",".0794672",".936706","-.0017861",".0162768","-.1097335",".9126841","-.0635625",".0291196","-2.18281",".0297101","-.0976364",".0467857","-2.086884",".0377511","-.1006749",".0449209","-2.241163",".025742","-.0249413",".0206517","-1.207708",".2279637"
"stdum12",".1049093",".0224028","4.682859","4.04e-06",".0531029",".0253793","2.092375",".0371311","-.0010534",".0216029","-.0487628",".961136","-.0293645",".0415371","-.7069461",".4801543","-.0298696",".0403295","-.7406383",".4594882",".0163269",".0222144",".734968",".4628442"
"stdum13",".0772029",".0218609","3.531551",".0004679",".0483458",".0211292","2.288103",".0227324","-.0083964",".0238265","-.3523983",".7247504","-.0473471",".0445603","-1.062539",".2888541","-.0489767",".0429529","-1.140243",".2550887",".0234173",".022277","1.051186",".2938882"
"stdum14",".0189837",".0205467",".9239288",".3561545","-.0063153",".0209511","-.3014297",".7632674","-.0681889",".0246456","-2.766774",".0059603","-.0421999",".044247","-.9537347",".3409935","-.0495221",".0428886","-1.154669",".249139","-.0329764",".0224577","-1.468375",".1428879"
"stdum15",".0209622",".0242924",".8629098",".3887729","-.0203445",".0251649","-.8084495",".4193858","-.0810059",".0224739","-3.604448",".0003579","-.0894751",".051287","-1.744596",".0820897","-.0994923",".051567","-1.929378",".0546206","-.0559472",".0219489","-2.548981",".0112239"
"stdum16",".0000585",".0211859",".0027602",".9977992","-.0256125",".0210386","-1.217406",".2242771","-.0876843",".0240559","-3.64502",".0003077","-.1242806",".043805","-2.837134",".0048653","-.129283",".0419572","-3.081309",".0022508","-.0573905",".0212756","-2.697481",".00732"
"stdum17",".0204078",".0262168",".7784236",".4368408","-.0086944",".029111","-.2986647",".7653747","-.0682382",".0298918","-2.282838",".0230356","-.011849",".0622022","-.1904916",".849054","-.0200257",".059379","-.3372515",".7361616","-.0379458",".0300134","-1.264296",".2069534"
"stdum18",".0475666",".0235811","2.017145",".0444369","-.0041211",".0269874","-.152703",".8787213","-.0635774",".0211337","-3.008337",".0028159","-.0346539",".0482172","-.718703",".472889","-.040852",".045801","-.8919459",".373132","-.0450657",".0216086","-2.085545",".0377336"
"stdum19","-.004891",".0253739","-.192757",".8472601","-.0351452",".0270814","-1.297763",".1952309","-.1004998",".0265231","-3.789145",".0001778","-.0146034",".0428363","-.3409119",".7334109","-.0254861",".0409087","-.6229996",".533755","-.0648365",".0250828","-2.584898",".0101391"
"stdum20",".0129457",".021575",".6000333",".5488691","-.0176964",".0233502","-.7578673",".4490448","-.0831762",".0232699","-3.574418",".0004","-.0536456",".0428152","-1.252956",".2112073","-.0631287",".0401497","-1.572334",".11692","-.0519116",".0221487","-2.343777",".0196406"
"stdum21",".0348381",".0249392","1.396921",".1633149","-.0040427",".0262588","-.1539547",".877735","-.065301",".0253994","-2.57097",".0105516","-.0725041",".0449976","-1.611288",".1081792","-.0825978",".0435703","-1.895739",".0589492","-.0376595",".0234431","-1.606422",".1090703"
"stdum22",".0529545",".0198511","2.66758",".007992",".0247023",".0230418","1.072065",".2844358","-.0380907",".0244789","-1.556065",".1205913",".0058236",".0516487",".1127547",".9103012","-.0080545",".0495936","-.1624108",".8710909","-.0007257",".0233957","-.0310166",".9752737"
"stdum23",".0866781",".0229577","3.775558",".0001873",".0470029",".0258986","1.814882",".0704053","-.0145238",".0219893","-.6604933",".5093693",".0449247",".0455936",".9853283",".3252649",".0308637",".0421424",".7323682",".4645119",".0191423",".0212437",".9010829",".3681552"
"stdum24",".124975",".0256938","4.864022","1.74e-06",".0480836",".0325932","1.475262",".1410488","0",".",".",".","0",".",".",".","0",".",".",".","0",".",".","."
"stdum25",".1135899",".0246601","4.606212","5.73e-06",".0682349",".0277601","2.458025",".0144585",".006937",".0224621",".3088334",".757631",".0743537",".0423664","1.755017",".0802875",".0654682",".0401148","1.632022",".1037171",".0349724",".0216692","1.613919",".1074335"
"stdum26","0",".",".",".","0",".",".",".","-.0581772",".0324927","-1.790471",".0742374","-.0740543",".0487883","-1.517871",".1301107","-.0765416",".0472989","-1.618252",".1066521","-.0152299",".0227945","-.6681376",".5044799"
"stdum27",".0904917",".0189164","4.783765","2.53e-06",".0589148",".0214815","2.742582",".006412","-.0034375",".0225089","-.1527167",".8787092",".0567959",".0413841","1.37241",".1709714",".0467851",".0390847","1.197018",".2322382",".03309",".0202312","1.635593",".102811"
"stdum28",".0476375",".0217772","2.187495",".0293618",".0255086",".022678","1.124817",".2614439","-.0359118",".0267215","-1.343932",".179836",".0354743",".0455761",".7783526",".4369808",".0268121",".0440068",".6092709",".542803",".0033244",".0244518",".1359584",".8919312"
"stdum29",".0985524",".0221848","4.442342",".0000119",".066724",".0223791","2.981529",".0030708",".005371",".0233707",".2298159",".8183683",".0404052",".0432208",".9348553",".3506223",".0288176",".0434318",".663514",".5075076",".0390286",".0214624","1.818461",".0698362"
"stdum30",".0805486",".02038","3.952339",".0000935",".049382",".0221466","2.229778",".0264015","-.0113228",".0228881","-.494704",".6211177",".0562326",".039775","1.413768",".1584775",".0471234",".0380652","1.237965",".2166905",".0265448",".0209821","1.265115",".20666"
"stdum31",".0500804",".0213718","2.343289",".019669",".0362234",".0199996","1.811208",".0709732","-.0235299",".0286309","-.8218353",".411727","-.0103234",".0466803","-.2211504",".8251273","-.0158255",".0439473","-.3601006",".7190236",".0132115",".0229422",".5758586",".5650756"
"stdum32",".0724674",".0226546","3.198798",".0015049",".0567158",".0225144","2.519085",".0122148","-.0055475",".0283464","-.1957022",".8449562",".0418387",".0413267","1.012391",".312175",".0328223",".0389882",".8418519",".400537",".0380654",".0246499","1.544243",".1234203"
"stdum33",".0925236",".0226357","4.087514",".000054",".0741113",".0212642","3.485256",".0005547",".0156179",".0288367",".5415987",".5884376",".0276406",".0551997",".5007386",".616926",".0249472",".054236",".4599755",".6458648",".0519659",".0245587","2.115993",".0350411"
"stdum34",".0518119",".0193396","2.679058",".0077286",".0203618",".0210127",".9690218",".3332093","-.0362376",".0237065","-1.52859",".1272642",".0043505",".0443137",".0981747",".9218598",".0011235",".0413805",".0271506",".9783576","-.0053696",".0208713","-.2572743",".7971161"
"stdum35",".0294762",".0207824","1.418327",".1569774",".0213816",".0204077","1.047724",".2954951","-.040326",".0309324","-1.303682",".1931939",".0098341",".0459973",".2137965",".8308525",".0026784",".0438064",".0611421",".9512865",".0053822",".0243118",".2213809",".8249231"
"stdum36",".0418252",".0222944","1.876044",".0614742",".0196393",".0227283",".8640904",".3881352","-.0390007",".0278983","-1.397959",".1630056","-.049263",".057179","-.8615579",".3896259","-.0563808",".0549921","-1.025252",".306065",".0003392",".0235389",".0144114",".9885099"
"stdum37",".0723623",".0234576","3.084813",".0021975",".0502473",".0231578","2.169779",".0307017","-.0133231",".0265002","-.5027542",".6154515",".0725438",".0399384","1.81639",".0703186",".0622342",".0375347","1.658045",".0983466",".0285003",".0223467","1.27537",".2030122"
"stdum38",".1393449",".0212939","6.543903","2.11e-10",".0981824",".0248102","3.957345",".0000919",".0390139",".0217309","1.795319",".0734606",".0313325",".0406782",".7702534",".4417619",".0205352",".0399302",".5142779",".6074338",".0718431",".0211889","3.3906",".0007759"
"stdum39","-.0657227",".0290205","-2.264699",".024137","-.10297",".0289094","-3.561818",".0004197","-.161676",".0285886","-5.655254","3.22e-08","-.0738948",".0505244","-1.462557",".1446461","-.0782066",".0504446","-1.550347",".1221055","-.1304758",".0273297","-4.774135","2.64e-06"
"stdum40","-.0313997",".0241284","-1.301361",".1939836","-.0538746",".0242223","-2.224175",".0267797","-.1151177",".0275885","-4.172665",".000038","-.0612016",".0444343","-1.37735",".1694412","-.0672241",".0415768","-1.616868",".1069509","-.0741247",".0238498","-3.10798",".0020357"
"stdum41","-.0831426",".0216474","-3.84076",".0001454","-.1093807",".0217321","-5.033146","7.76e-07","-.1722703",".0236125","-7.295723","1.99e-12","-.1210779",".0428436","-2.826042",".0050323","-.1308775",".0403674","-3.242161",".001319","-.1339666",".0203693","-6.576877","1.72e-10"
"stdum42",".0541007",".0260702","2.075193",".0386925","-.0048744",".0306839","-.1588575",".8738736","-.0632777",".021271","-2.974837",".0031338","-.0421857",".0428094","-.9854315",".3252142","-.0510265",".0397168","-1.284757",".1998619","-.0426628",".0214488","-1.989051",".0474627"
"stdum43",".0297743",".022179","1.342456",".1803108",".004004",".0238451",".1679159",".8667472","-.0569879",".0258669","-2.203122",".0282335",".0219509",".0425538",".5158393",".6063504",".0091217",".0406388",".2244585",".8225523","-.0110518",".0232164","-.4760333",".6343435"
"stdum44",".0292186",".0243189","1.201479",".2303708","-.0074104",".026418","-.2805061",".7792564","-.0678623",".0245199","-2.767637",".0059449","-.058726",".0450995","-1.302143",".1938765","-.068045",".0436184","-1.560006",".1198057","-.0330178",".023755","-1.389933",".16542"
"stdum45","-.017099",".0221814","-.7708708",".4412992","-.0553162",".0254635","-2.172373",".030504","-.1176204",".0215214","-5.465274","8.77e-08","-.0765702",".042433","-1.804498",".0721662","-.0863208",".0414503","-2.082513",".038137","-.0818104",".0201809","-4.053846",".0000619"
"stdum46","-.0728369",".0243341","-2.993206",".0029551","-.0819498",".0240903","-3.401772",".0007476","-.146224",".0311116","-4.699983","3.74e-06","-.099574",".0490105","-2.031688",".0430752","-.1117707",".0478755","-2.33461",".020219","-.0949602",".0253764","-3.742065",".0002128"
"stdum47",".0264806",".0215093","1.231123",".2190964","-.0259368",".026136","-.9923789",".3217042","-.0813547",".019496","-4.172902",".0000379","-.0287766",".038437","-.748669",".4546492","-.0325914",".0366658","-.8888763",".374777","-.0571616",".0199187","-2.869742",".0043541"
"stdum48",".0107752",".021112",".5103817",".6101031","-.0292387",".0243777","-1.199401",".2311904","-.0866214",".0218845","-3.958111",".0000914","-.0789552",".045516","-1.73467",".0838367","-.0823625",".0418981","-1.96578",".05024","-.0561631",".021745","-2.582809",".0101995"
"stdum49",".1135942",".0253916","4.473701",".0000104",".0559709",".0357652","1.564954",".1185051","-.000169",".0216771","-.007794",".9937858","-.0026034",".0391165","-.0665549",".9469808","-.0092259",".0370794","-.2488136",".8036741",".0253948",".022763","1.115617",".2653406"
"stdum50","-.0752711",".0217464","-3.461305",".0006035","-.1133917",".0243955","-4.648064","4.77e-06","-.1697776",".0222826","-7.619303","2.38e-13","-.1262567",".0397605","-3.175426",".0016534","-.1288601",".0371616","-3.467558",".0006015","-.1338258",".021065","-6.352995","6.47e-10"
"stdum51","-.0021872",".0227896","-.0959728",".9235967","-.0478784",".0262635","-1.822998",".069164","-.1085372",".0219284","-4.949615","1.16e-06","-.0469608",".0418455","-1.122242",".2626661","-.0535452",".0417433","-1.282726",".2005716","-.0814762",".0215342","-3.78358",".0001814"
"yrd3","","","","","-.0315346",".013772","-2.289763",".0226348","","","","","-.0157906",".0102535","-1.540022",".1246196","","","","","","","",""
"yrd4","","","","","-.0089864",".0092863","-.9677096",".3338634","","","","","-.0038472",".0074166","-.5187186",".6043432","","","","","","","",""
"yrd5","","","","","-.0024363",".0057451","-.4240764",".6717728","","","","","-.0009385",".0048397","-.1939112",".846378","","","","","","","",""
"yrd6","","","","",".0040546",".0042857",".9460808",".3447657","","","","",".0030188",".0037412",".8068903",".4203754","","","","","","","",""
"yrd7","","","","",".0089335",".0081368","1.097921",".273","","","","",".0018245",".0049369",".3695706",".7119658","","","","","","","",""
"yrd8","","","","",".0134992",".0086772","1.555717",".120687","","","","",".0091653",".0065021","1.409576",".1597111","","","","","","","",""
"time2","","","","","","","","","-.0241878",".0061646","-3.923654",".0001049","","","","","-.0152017",".0043851","-3.466716",".0006033","-.0308516",".0044994","-6.856888","3.13e-11"
"trst1","","","","","","","","","","","","",".0100406",".0048482","2.071002",".0392221",".009917",".0051959","1.908634",".0572571","","","",""
"trst2","","","","","","","","","","","","","-.005333",".0054918","-.9710819",".3322977","-.0049581",".0049547","-1.00069",".317778","","","",""
"trst3","","","","","","","","","","","","","-.005149",".0079223","-.649941",".5162327","-.0054118",".0079241","-.682947",".4951639","","","",""
"trst4","","","","","","","","","","","","",".0079426",".005655","1.404523",".1612081",".0081511",".0054403","1.498278",".1351054","","","",""
"trst5","","","","","","","","","","","","","-.001953",".0077936","-.2505905",".802304","-.0012977",".0078842","-.1645956",".8693724","","","",""
"trst6","","","","","","","","","","","","",".0001124",".00575",".0195487",".9844165",".0003011",".0055554",".0541966",".9568144","","","",""
"trst7","","","","","","","","","","","","",".0091919",".0043776","2.099774",".0365922",".0095589",".0042022","2.274739",".0236225","","","",""
"trst8","","","","","","","","","","","","",".0114455",".0060218","1.900657",".0583149",".0116526",".0057672","2.020509",".044213","","","",""
"trst9","","","","","","","","","","","","",".0189215",".0052477","3.605692",".000365",".0189979",".0052304","3.632238",".00033","","","",""
"trst10","","","","","","","","","","","","",".016981",".0052989","3.204633",".0014995",".0169885",".0050865","3.339895",".0009433","","","",""
"trst11","","","","","","","","","","","","",".0121966",".0051492","2.368633",".0184939",".0115073",".0048887","2.353877",".0192193","","","",""
"trst12","","","","","","","","","","","","",".0199055",".0049539","4.018118",".0000744",".0195589",".0049947","3.915917",".0001114","","","",""
"trst13","","","","","","","","","","","","",".0176951",".0052917","3.343969",".0009318",".0172567",".0051459","3.353458",".0008998","","","",""
"trst14","","","","","","","","","","","","",".0045346",".0059115",".7670859",".4436398",".0043345",".0057268",".7568832",".4497099","","","",""
"trst15","","","","","","","","","","","","",".0167355",".0076723","2.181288",".0299462",".0173198",".0078937","2.194126",".0289879","","","",""
"trst16","","","","","","","","","","","","",".0185894",".0051954","3.578065",".0004041",".0179987",".0051168","3.517577",".0005024","","","",""
"trst17","","","","","","","","","","","","","-.0028004",".0113396","-.2469608",".8051092","-.0022686",".0111717","-.2030682",".8392185","","","",""
"trst18","","","","","","","","","","","","",".008957",".0069194","1.294476",".1965064",".0088612",".0066891","1.324727",".1862633","","","",""
"trst19","","","","","","","","","","","","","-.0067634",".0052404","-1.290627",".1978367","-.0069636",".0052295","-1.331608",".1839932","","","",""
"trst20","","","","","","","","","","","","",".0062402",".0051095","1.2213",".2229409",".0058389",".0048892","1.194243",".23332","","","",""
"trst21","","","","","","","","","","","","",".015358",".0073613","2.086322",".0378024",".0158376",".0074504","2.125747",".0343355","","","",""
"trst22","","","","","","","","","","","","",".0018761",".0075636",".2480479",".8042688",".0028581",".0074265",".3848556",".7006153","","","",""
"trst23","","","","","","","","","","","","",".00051",".00672",".0758936",".9395548",".0016453",".0062502",".2632372",".7925473","","","",""
"trst24","","","","","","","","","","","","",".0165884",".0106142","1.562843",".1191545",".0172381",".0101346","1.700926",".0899863","","","",""
"trst25","","","","","","","","","","","","",".0000222",".0057289",".0038715",".9969136","-.0000254",".0055725","-.0045563",".9963676","","","",""
"trst26","","","","","","","","","","","","",".0059362",".0061355",".9675212",".3340708",".0057809",".0060519",".9552193",".3402308","","","",""
"trst27","","","","","","","","","","","","","-.0017323",".0051765","-.3346547",".7381218","-.0015327",".004747","-.3228812",".7470086","","","",""
"trst28","","","","","","","","","","","","","-.0072863",".0059052","-1.233876",".2182247","-.0071162",".0057507","-1.237457",".2168787","","","",""
"trst29","","","","","","","","","","","","",".0043637",".00523",".8343615",".4047479",".0050838",".0054182",".9382698",".3488555","","","",""
"trst30","","","","","","","","","","","","","-.0033422",".0047308","-.7064817",".4804425","-.003124",".0048323","-.6464763",".5184619","","","",""
"trst31","","","","","","","","","","","","",".0034382",".0057812",".5947174",".5524852",".0034971",".0055549",".6295537",".5294626","","","",""
"trst32","","","","","","","","","","","","","-.0025342",".0052664","-.4812045",".6307255","-.0024639",".0050411","-.4887574",".6253682","","","",""
"trst33","","","","","","","","","","","","",".0043177",".0076298",".5658983",".5718902",".0038843",".0075587",".5138874",".6077065","","","",""
"trst34","","","","","","","","","","","","","-.000112",".005114","-.0219101",".9825344","-.0002362",".0047346","-.0498971",".9602374","","","",""
"trst35","","","","","","","","","","","","","-.0049809",".0068252","-.7297846",".466097","-.0050457",".0068321","-.7385228",".4607704","","","",""
"trst36","","","","","","","","","","","","",".0114613",".0078837","1.453796",".1470588",".011748",".0075927","1.54728",".1228429","","","",""
"trst37","","","","","","","","","","","","","-.0089045",".0043708","-2.037267",".0425096","-.0089191",".0042086","-2.119247",".0348854","","","",""
"trst38","","","","","","","","","","","","",".0159626",".0047911","3.331689",".0009724",".0167405",".0048834","3.428048",".0006924","","","",""
"trst39","","","","","","","","","","","","","-.0084537",".0067181","-1.258345",".2092555","-.0089297",".0066414","-1.344556",".1797777","","","",""
"trst40","","","","","","","","","","","","","-.0022437",".0062587","-.3584963",".7202266","-.0027649",".0058877","-.4696006",".6389793","","","",""
"trst41","","","","","","","","","","","","","0",".",".",".","0",".",".",".","","","",""
"trst42","","","","","","","","","","","","",".0134318",".0072511","1.852365",".0649655",".0137894",".0067826","2.033047",".0429221","","","",""
"trst43","","","","","","","","","","","","","-.0066271",".0049754","-1.331967",".1838924","-.0058054",".0048939","-1.186261",".2364515","","","",""
"trst44","","","","","","","","","","","","",".0117152",".0072375","1.618687",".106576",".0119021",".0067825","1.754817",".0803047","","","",""
"trst45","","","","","","","","","","","","",".0057411",".0050891","1.128118",".2601808",".0055691",".0050716","1.098094",".2730381","","","",""
"trst46","","","","","","","","","","","","","-.0016443",".0083649","-.1965655",".844302","-.0013338",".0087696","-.1520931",".8792151","","","",""
"trst47","","","","","","","","","","","","",".0028391",".0047409",".5988621",".5497213",".002696",".0049732",".5421145",".5881394","","","",""
"trst48","","","","","","","","","","","","",".0114508",".0060865","1.881336",".0609042",".0109019",".0057797","1.886248",".060221","","","",""
"trst49","","","","","","","","","","","","",".0184563",".0048222","3.82733",".000158",".0186201",".0048117","3.869714",".0001335","","","",""
"trst50","","","","","","","","","","","","",".0015867",".0055222",".2873347",".7740564",".0009409",".0048783",".1928779",".8471842","","","",""
"trst51","","","","","","","","","","","","",".0010442",".0052023",".2007211",".841054",".0006008",".0055618",".1080157",".9140549","","","",""
"_cons",".118488",".0470679","2.517384",".0122652",".272567",".0781183","3.489158",".000547",".2404382",".0399821","6.013644","4.54e-09",".1933239",".0604733","3.196847",".0015392",".1618517",".0461774","3.504997",".0005258",".1710516",".0200111","8.547818","3.78e-16"
"N","408","","","","408","","","","408","","","","408","","","","408","","","","408","","",""
"r2",".8765904","","","",".8876223","","","",".8858147","","","",".9296917","","","",".9280926","","","",".8805737","","",""
"df_m","54","","","","60","","","","55","","","","110","","","","105","","","","52","","",""
"df_r","353","","","","347","","","","352","","","","297","","","","302","","","","355","","",""
"df_b","","","","","","","","","","","","","","","","","","","","","","","",""
"df","","","","","","","","","","","","","","","","","","","","","","","",""
