"","A1","","","","A2","","","","A3","","","","A4","","","","B4","","","","C4","","",""
"","b","se","t","p","b","se","t","p","b","se","t","p","b","se","t","p","b","se","t","p","b","se","t","p"
"yr1917","-1.11737",".2657937","-4.203898",".0001136","6.37901",".0781557","81.61927","3.71e-53","-.5032601",".284379","-1.769681",".0831325","-.2524357",".2681644","-.9413465",".351241",".3043275",".2381371","1.277951",".2074126","-.3551293",".2576164","-1.37852",".1744342"
"yr1922","-.4494881",".2229148","-2.016412",".049371","6.867603",".0306829","223.8253","4.01e-74",".000963",".2515229",".0038288",".996961",".0943494",".2427873",".3886093",".6992836",".5553098",".2238565","2.48065",".0166722","-.0209755",".2292028","-.0915152",".9274641"
"yr1923","-.288954",".2035005","-1.419917",".1620944","6.980921",".0425733","163.9742","1.21e-67",".1243105",".2352507",".5284172",".5996446",".1727658",".2185878",".790373",".4331976",".6213713",".2011078","3.089743",".0033286",".0643608",".2055645",".3130931",".7555663"
"yr1924","-.396379",".2233669","-1.774564",".082312","6.921693",".0368976","187.5919","1.91e-70",".013406",".2418784",".0554247",".9560302",".1138233",".2286248",".4978607",".6208556",".5454033",".2163818","2.52056",".0150949",".0238869",".2119095",".1127221",".910721"
"yr1925","-.7645329",".2292204","-3.335361",".0016496","6.603901",".0371409","177.8069","2.49e-69","-.3661864",".2404837","-1.522708",".1343934","-.2017187",".2299451","-.8772473",".384722",".2255394",".2159121","1.044589",".3014453","-.2705719",".2113123","-1.280436",".2065449"
"yr1926","-.7125452",".2288077","-3.114166",".003108","6.671487",".0335042","199.1242","1.09e-71","-.3481825",".2301051","-1.513146",".1367996","-.1642845",".2215384","-.7415622",".4619656",".2294489",".2108988","1.087957",".2820467","-.249644",".2068417","-1.206933",".2333725"
"yr1927","-.7197086",".2322189","-3.099269",".0032409","6.673829",".0365126","182.7813","6.63e-70","-.3536522",".2331639","-1.516753",".1358878","-.1536093",".2255432","-.681064",".4991036",".2568104",".2105067","1.219963",".2284391","-.2493279",".2120284","-1.175917",".2454274"
"yr1928","-.7822996",".2389372","-3.274081",".0019704","6.622107",".0485405","136.4242","8.09e-64","-.4143125",".2376659","-1.743256",".0876918","-.1904913",".227809","-.8361884",".4071924",".2387782",".2150273","1.110455",".2723348","-.3010663",".2198724","-1.369277",".1772858"
"yr1929","-.7836034",".233397","-3.357384",".0015469","6.604497",".0375528","175.8723","4.20e-69","-.4171067",".227345","-1.834686",".0727539","-.2346068",".2166768","-1.08275",".2843289",".1708317",".2040684",".8371294",".4066685","-.3683958",".2059415","-1.788837",".0799525"
"yr1930","-.6834311",".229389","-2.979354",".0045215","6.702258",".0317435","211.138","6.59e-73","-.3024823",".243685","-1.241284",".2205328","-.144786",".2302175","-.6289099",".5323898",".2153751",".2146613","1.003325",".3207352","-.2484896",".2141546","-1.160328",".251654"
"yr1931","-7.514258",".2245325","-33.46624","6.30e-35","-.1629904",".0197769","-8.241443","9.53e-11","-7.124127",".2477546","-28.75478","6.52e-32","-7.016675",".2317576","-30.27593","6.23e-33","-6.686855",".2222997","-30.08036","8.38e-33","-7.12551",".2135629","-33.36492","7.24e-35"
"yr1932","-7.3521",".2215413","-33.18614","9.27e-35","0",".",".",".","-6.929999",".2498082","-27.74128","3.32e-31","-6.817362",".2466458","-27.64029","3.91e-31","-6.445578",".2365566","-27.2475","7.47e-31","-6.961336",".2331223","-29.8613","1.17e-32"
"yr1933","-7.489164",".2209601","-33.89373","3.51e-35","-.1549438",".0141279","-10.9672","1.13e-14","-7.089788",".2446199","-28.98287","4.55e-32","-6.989044",".2379772","-29.36854","2.50e-32","-6.617646",".2317198","-28.55883","8.90e-32","-7.13706",".2239449","-31.86971","5.96e-34"
"yr1934","-7.611608",".2172973","-35.02854","7.67e-36","-.2644668",".0192414","-13.74465","2.92e-18","-7.232989",".2341154","-30.89497","2.47e-33","-7.113991",".2318123","-30.68858","3.36e-33","-6.738474",".2170835","-31.04093","1.99e-33","-7.230587",".2185175","-33.08928","1.06e-34"
"yr1935","-7.577551",".207226","-36.5666","1.05e-36","-.2895759",".0230273","-12.57534","8.39e-17","-7.24949",".2294595","-31.59377","8.88e-34","-7.167493",".2188774","-32.74661","1.71e-34","-6.785271",".2076238","-32.6806","1.88e-34","-7.292428",".2072412","-35.18811","6.21e-36"
"yr1936","-7.664324",".2113147","-36.26972","1.53e-36","-.3569171",".0332131","-10.74627","2.28e-14","-7.338733",".2244391","-32.69811","1.83e-34","-7.21701",".2180484","-33.0982","1.05e-34","-6.782018",".2030938","-33.39353","6.96e-35","-7.352838",".207463","-35.44169","4.46e-36"
"yr1937","-7.542682",".2053224","-36.7358","8.46e-37","-.245243",".031291","-7.837496","3.88e-10","-7.234784",".217842","-33.21115","8.96e-35","-7.133848",".2135641","-33.40377","6.86e-35","-6.729533",".1942631","-34.64133","1.28e-35","-7.283111",".2026091","-35.94661","2.32e-36"
"yr1938","-.460043",".2058847","-2.234469",".0301437","6.859416",".0301822","227.2667","1.93e-74","-.1563765",".220866","-.7080154",".4823597","-.044007",".2171057","-.2026986",".8402274",".2973297",".2010521","1.478869",".1457084","-.1578279",".2015147","-.7832076",".4373526"
"yr1939","-.3927598",".2061123","-1.905562",".062706","6.917881",".0329248","210.1116","8.32e-73","-.0913798",".2187627","-.4177121",".6780203",".0162473",".2134216",".0761278",".9396338",".3567265",".1950578","1.828824",".0736425","-.1047997",".1980004","-.52929",".5990437"
"yr1940","-.1151943",".1926749","-.5978687",".5527381","7.152853",".0536822","133.2445","2.50e-63",".173076",".2063042",".838936",".4056639",".2488273",".1992631","1.248737",".2178173",".6586126",".1853326","3.553678",".0008645",".1454001",".1927309",".7544202",".4542824"
"yr1941","-.1911687",".1512553","-1.263881",".2123763","6.988318",".1176409","59.40381","1.34e-46",".0608583",".1820718",".3342545",".7396436",".0771019",".1884399",".4091592",".6842429",".6342263",".1642659","3.860974",".0003374",".0584194",".1883285",".3101996",".757752"
"yr1942","-.2033986",".1148543","-1.770927",".0829224","6.904038",".1860493","37.10865","5.30e-37",".0276976",".1860632",".148861",".882287","-.001553",".1944775","-.0079857",".9936615",".6975729",".1532062","4.553163",".0000362","-.0402042",".2000034","-.2010174",".8415344"
"yr1960",".2533633",".0770947","3.286389",".0019015","7.302152",".2285479","31.95021","5.31e-34",".4866028",".1563728","3.111813",".0031287",".3862848",".1467565","2.632148",".0113777",".8091318",".1144478","7.069877","5.75e-09",".4596903",".1388322","3.311122",".0017701"
"yr1962",".2828066",".0673571","4.198614",".0001156","7.30066",".2440379","29.91609","1.08e-32",".4963797",".1542568","3.21788",".0023158",".3737859",".1293947","2.888726",".0057879",".7683651",".1068112","7.193673","3.71e-09",".4442444",".1274896","3.484555",".001063"
"yr1966",".3099369",".0708839","4.372458",".0000657","7.287723",".216593","33.64708","4.91e-35",".4743459",".1199268","3.955297",".0002511",".3245403",".1004353","3.231335",".0022282",".6169678",".0838636","7.356799","2.09e-09",".4910088",".0941045","5.217694","3.83e-06"
"yr1970",".4196316",".057512","7.296413","2.59e-09","7.311517",".2532837","28.86691","5.46e-32",".5397835",".1362905","3.960537",".0002469",".3254924",".0997751","3.26226",".0020387",".5899939",".079095","7.459309","1.46e-09",".5466017",".0838954","6.515274","4.07e-08"
"yr1972",".217416",".0471908","4.607172",".0000303","7.159852",".270034","26.51463","2.55e-30",".3036716",".1286347","2.360728",".0223488",".1395483",".1039127","1.342938",".1856081",".370112",".0862725","4.290037",".000086",".3571892",".0876927","4.073193",".0001728"
"yr1973",".146497",".0369213","3.967821",".0002413","7.086622",".2754506","25.72738","9.88e-30",".222918",".1411345","1.579472",".1207959",".0497214",".1070713",".4643767",".6444774",".2599078",".0932197","2.788122",".0075759",".2791201",".0892394","3.127766",".0029912"
"yr1974",".1389021",".0335475","4.140455",".0001394","7.07269",".2842633","24.88077","4.41e-29",".2079098",".14099","1.474643",".1468379",".0244143",".1099271",".2220953",".825182",".2378126",".0963619","2.467912",".0172062",".252171",".0884762","2.850156",".0064212"
"yr1975",".1111593",".0261186","4.255947",".000096","7.015847",".2896157","24.22468","1.45e-28",".1483073",".1516297",".978089",".3329343","-.0581556",".1100791","-.5283074",".5997202",".1733453",".0992919","1.745815",".0872414",".1745397",".0839086","2.080118",".0428773"
"yr1976",".1255426",".0251966","4.982519","8.56e-06","6.997542",".2916841","23.99014","2.23e-28",".1432298",".1597396",".8966459",".374383","-.0972331",".1097871","-.8856506",".3802213",".1332468",".1059401","1.257757",".2145644",".1275343",".0851836","1.49717",".1408963"
"yr1977",".0793862",".0532339","1.491271",".1424335","6.908356",".2968765","23.27013","8.61e-28",".0819971",".1729618",".4740762",".6375951","-.1942611",".1105369","-1.757431",".0852208",".0619481",".1049123",".5904745",".5576426",".040163",".0825385",".4865968",".6287586"
"yr1978","0",".",".",".","6.858701",".3081854","22.25511","6.13e-27",".0247557",".1672001",".1480606",".8829152","-.2267569",".1184243","-1.914784",".0614901",".0741516",".1025972",".7227442",".473344",".0386447",".0830933",".4650756",".6439804"
"yr1997",".0822205",".137393",".5984332",".5523645","7.157472",".15919","44.96181","6.80e-41",".039791",".0368803","1.078922",".2860143",".0505984",".0380049","1.331366",".1893574",".1332128",".0348071","3.827168",".0003748",".090157",".0353825","2.548066",".0140881"
"yr1998",".0690525",".1449781",".4762959",".6360246","7.162344",".1623434","44.11849","1.65e-40",".0329486",".0398448",".8269245",".4123718",".0643558",".0371498","1.732332",".0896365",".1505159",".0364881","4.125074",".0001464",".0957084",".0356154","2.687277",".0098693"
"yr1999",".092111",".1467086",".6278501",".533078","7.195304",".1597087","45.05266","6.19e-41",".0667782",".0423946","1.57516",".1217884",".1102243",".038699","2.848245",".0064542",".1949976",".0382797","5.094029","5.85e-06",".1490934",".0359078","4.152114",".0001342"
"yr2000",".1093314",".1512838",".7226904",".4733768","7.208801",".166113","43.39697","3.58e-40",".0646913",".0413542","1.564323",".1243115",".1103503",".0355509","3.104007",".003198",".1722033",".0342709","5.02477","7.41e-06",".1490407",".0314079","4.745333",".0000191"
"yr2001",".2136675",".142048","1.504192",".1390838","7.288564",".168833","43.17027","4.57e-40",".1565862",".033482","4.676734",".000024",".16624",".0349438","4.757357",".0000183",".2154426",".0353828","6.088901","1.83e-07",".2089957",".0321426","6.50213","4.27e-08"
"yr2010",".2800928",".1444625","1.938861",".0584097","7.298249",".1678343","43.48484","3.26e-40",".0407323",".0202827","2.008233",".0502635",".0330846",".0240993","1.372849",".1761795",".0126423",".0181328",".6972036",".4890386","-.0085259",".0192446","-.4430288",".6597352"
"yr2011",".2488942",".1442011","1.726022",".090776","7.266503",".1698523","42.78131","6.99e-40",".0095636",".0180071",".5311054",".5977949","-.0033039",".0240695","-.1372658",".8913949","-.0349816",".0167154","-2.092776",".0416796","-.0376183",".0160536","-2.343294",".0233048"
"yr2012",".2104184",".1493852","1.408563",".1654092","7.245056",".1652152","43.85224","2.19e-40","-.010799",".0329489","-.3277504",".7445257",".0005289",".0193048",".0273978",".978256","-.001529",".013787","-.1108989",".9121589","-.045746",".0155995","-2.932528",".0051394"
"yr2013",".2035728",".1367089","1.489097",".1430034","7.237337",".1745071","41.47301","2.98e-39","0",".",".",".","0",".",".",".","0",".",".",".","0",".",".","."
"lfs_irate_t01","-.5468579",".1594918","-3.428753",".0012543","-.7140331",".2289852","-3.11825",".0030725","-.4851238",".2140239","-2.26668",".0279542","-.6002929",".1625169","-3.693727",".0005655","","","","","","","",""
"ln_sht01_frank","-.2147761",".0913675","-2.350684",".0228952","-.2912668",".067966","-4.285479",".0000873","-.0536933",".0960538","-.5589917",".5787662","-.1655364",".0767711","-2.156233",".0361058","","","","","","","",""
"lnur","-.0399596",".0498505","-.8015895",".426741",".027816",".054209",".5131243",".6102181",".0953053",".052086","1.829768",".0734988",".1205704",".0410877","2.934463",".0051124",".1153656",".0444773","2.59381",".0125482",".1374151",".0403276","3.407473",".0013355"
"lnpop","-.0436618",".0420623","-1.038027",".3044584",".0092634",".042711",".2168847",".8292174",".1349093",".0722471","1.867333",".0679681",".1143039",".0710404","1.608999",".1141748",".1785558",".0782732","2.281187",".0270151",".1250855",".0683118","1.831098",".0732968"
"lnrpcpi",".0884752",".1343061",".6587581",".5131989",".2708209",".136976","1.977142",".0537845",".5470212",".1656022","3.303225",".0018111",".7195788",".1641674","4.3832",".0000634",".9754975",".1562574","6.242888","1.07e-07",".8469094",".1521192","5.567405","1.14e-06"
"ln_gov",".1034273",".0365938","2.826364",".0068433",".028817",".0414757",".6947931",".4905347",".0726882",".0287952","2.524318",".0149536",".0704447",".0378173","1.862766",".068621",".0690834",".0378869","1.823412",".0744712",".0714488",".0317434","2.250827",".0290135"
"ln_t01","1.059975",".121304","8.738173","1.73e-11",".9370019",".1207956","7.756921","5.14e-10",".7984482",".1025905","7.782865","4.69e-10",".6488596",".1041353","6.230926","1.11e-07","","","","","","","",""
"isweighted","","","","","0",".",".",".","","","","","0",".",".",".","0",".",".",".","0",".",".","."
"stfx","","","","","","","","","0",".",".",".","0",".",".",".","0",".",".",".","0",".",".","."
"lfs_irate_t1","","","","","","","","","","","","","","","","","-.3050088",".2557201","-1.192745",".2388321","","","",""
"ln_sht1_frank","","","","","","","","","","","","","","","","",".0051529",".0858673",".0600104",".9523965","","","",""
"ln_t1","","","","","","","","","","","","","","","","",".6281697",".1154363","5.441702","1.76e-06","","","",""
"lfs_irate_t001","","","","","","","","","","","","","","","","","","","","","-.3236929",".0590842","-5.478498","1.55e-06"
"ln_sht001_frank","","","","","","","","","","","","","","","","","","","","","-.1215969",".0583059","-2.085497",".0423647"
"ln_t001","","","","","","","","","","","","","","","","","","","","",".4873983",".0890549","5.473007","1.58e-06"
"_cons","-1.862091",".9016099","-2.065296",".0443178","-9.98794",".8405873","-11.8821","6.67e-16","-5.019036","1.276998","-3.930339",".0002716","-4.647116","1.450143","-3.204592",".0024054","-6.961479","1.3746","-5.064367","6.47e-06","-4.608444","1.386891","-3.32286",".0017107"
"N","2045","","","","2045","","","","2045","","","","2045","","","","2045","","","","2045","","",""
"r2",".9954653","","","",".9971577","","","",".9969359","","","",".9983633","","","",".9982022","","","",".9983576","","",""
"df_m","47","","","","47","","","","48","","","","48","","","","48","","","","48","","",""
"df_r","48","","","","48","","","","48","","","","48","","","","48","","","","48","","",""
"df_b","","","","","","","","","","","","","","","","","","","","","","","",""
"df","","","","","","","","","","","","","","","","","","","","","","","",""
