"","m_allapps","","","","m_DIonly","","","","m_SSItotal","","","","m_SSDItotal","","",""
"","b","se","t","p","b","se","t","p","b","se","t","p","b","se","t","p"
"MAXpost1",".0407063",".019763","2.059729",".0733909",".0294556",".013384","2.200799",".0589204",".0112507",".025405",".4428556",".6696003",".0295439",".0246957","1.196314",".2658234"
"MAXpost2",".0799638",".0152388","5.247391",".0007763",".0646529",".0169531","3.813625",".0051361",".015311",".0188808",".8109293",".4408621",".0702913",".0263969","2.662863",".0286778"
"MAXpost3",".0147945",".0559726",".2643174",".7982172",".0404755",".03247","1.246548",".2478246","-.0256809",".0374476","-.6857821",".5122304",".0234067",".027163",".8617136",".4139268"
"post1","-.0905428",".1104964","-.8194185",".4362773","-.1091777",".0292232","-3.735989",".0057383",".018635",".1114973",".167134",".8714121","-.0176071",".0944193","-.1864779",".856712"
"post2","-.0159845",".0889605","-.1796806",".861871","-.1097354",".031979","-3.431488",".0089352",".0937509",".0759272","1.234747",".2519591",".0410438",".0536597",".7648917",".4662981"
"post3",".2831302",".1991151","1.421942",".1928365",".0447799",".0871028",".5141044",".6210751",".2383501",".1309166","1.820626",".1061503",".3579012",".0904413","3.957274",".004193"
"ue",".0218232",".0482517",".4522782",".6630804",".0053692",".0205251",".2615943",".8002432",".016454",".0451472",".364452",".7249659","-.0109962",".0403014","-.2728493",".7918799"
"stnum1","-.3348023",".0125357","-26.7079","4.16e-09",".0531258",".0110784","4.795418",".0013635","-.3879281",".0058325","-66.51142","2.91e-12","-.2589657",".0077492","-33.41841","7.02e-10"
"stnum3",".6018522",".0148094","40.63987","1.48e-10",".3736307",".01242","30.08294","1.62e-09",".2282215",".0070448","32.39593","8.98e-10",".6488367",".0094413","68.72305","2.24e-12"
"stnum4","-.252574",".0597972","-4.223842",".0029006",".2430097",".0323181","7.519311",".000068","-.4955837",".0495772","-9.996207","8.51e-06",".0290535",".0473432",".6136798",".5564697"
"stnum5","-.5380794",".0108882","-49.41866","3.11e-11","-.0187136",".0073865","-2.53348",".0350649","-.5193658",".0106764","-48.64627","3.53e-11","-.4000972",".0085977","-46.53525","5.03e-11"
"stnum6","-.0933951",".0192915","-4.84126",".0012861",".09488",".0051042","18.58864","7.24e-08","-.188275",".0217764","-8.645827",".0000249","-.2312566",".0173102","-13.35953","9.43e-07"
"stnum7",".63687",".0106215","59.96058","6.65e-12",".2297602",".0079098","29.04765","2.14e-09",".4071099",".0096461","42.20446","1.09e-10",".3992672",".0079825","50.01762","2.83e-11"
"stnum8",".3255632",".034196","9.520509",".0000122",".3102045",".0087879","35.29888","4.54e-10",".0153586",".0366817",".4187011",".6864495",".2760593",".0302885","9.114329",".0000169"
"stnum9",".0313034",".0528169",".5926782",".5697662",".1395028",".0292804","4.764369",".0014188","-.1081993",".0430709","-2.512122",".0362509",".1589828",".0415466","3.826618",".0050421"
"168.qnum","0",".",".",".","0",".",".",".","0",".",".",".","0",".",".","."
"169.qnum","-.0013545",".027452","-.0493408",".9618573",".0284802",".0085951","3.313546",".0106419","-.0298347",".0261065","-1.14281",".2861629",".0230803",".0226985","1.016817",".3390023"
"170.qnum",".0030476",".0208432",".1462136",".8873699",".0210818",".0173251","1.21684",".2583422","-.0180342",".0262793","-.6862505",".5119503",".0376136",".0212008","1.774157",".1139616"
"171.qnum","-.1792655",".0391359","-4.580585",".0018006","-.0621582",".0148584","-4.183382",".0030654","-.1171072",".0421879","-2.775851",".0240782","-.0761009",".0335825","-2.266085",".0532146"
"172.qnum",".0119042",".0560722",".2123007",".8371819",".0070196",".011708",".5995508",".5653951",".0048847",".051018",".0957446",".9260783",".0729241",".028676","2.543033",".0345473"
"173.qnum",".1384957",".0537475","2.576787",".0327797",".0743748",".0160859","4.623611",".0017022",".0641209",".0644126",".9954718",".3486595",".1995442",".038017","5.248814",".0007749"
"174.qnum",".1171789",".0669443","1.750394",".118162",".0166298",".0125727","1.322693",".2224958",".1005492",".0749214","1.342063",".2164164",".1939535",".03924","4.942752",".0011311"
"175.qnum","-.1256682",".1135447","-1.106772",".300559","-.0615796",".0214316","-2.873306",".0207234","-.0640885",".1069158","-.59943",".5654718",".0204345",".0843352",".2423011",".814643"
"176.qnum",".1568139",".1322564","1.185681",".2697685",".0203395",".0210132",".9679392",".3614226",".1364745",".116798","1.168466",".2762573",".2307872",".0778848","2.963187",".0180581"
"177.qnum",".1604957",".1087686","1.475571",".1782975",".055941",".0185436","3.016719",".0166424",".1045548",".1141301",".9161021",".3863953",".2503568",".0907284","2.75941",".0246973"
"178.qnum",".1544072",".1156543","1.335076",".2185926",".0494629",".0251696","1.965182",".0849745",".1049444",".1040805","1.0083",".3428307",".2224685",".1026268","2.167742",".0620364"
"179.qnum","-.1920413",".0794855","-2.416055",".0421085","-.0863639",".024843","-3.476393",".0083638","-.1056773",".0937918","-1.126723",".2925192","-.050767",".0837715","-.6060172",".5613"
"180.qnum",".0376339",".1118072",".3365965",".7450805",".0018489",".0346084",".053424",".9587041",".0357851",".0869308",".4116508",".6914034",".1247525",".094244","1.323718",".2221705"
"181.qnum","-.0031348",".086567","-.0362125",".9720002","-.0203825",".0290372","-.7019452",".5026206",".0172478",".1024215",".1683999",".8704483",".0837207",".0822034","1.018458",".3382687"
"182.qnum","-.0328921",".1343776","-.2447738",".8127931","-.0649503",".0232473","-2.79388",".0234178",".0320582",".1322719",".2423657",".8145946",".0517158",".1059115",".4882924",".6384449"
"183.qnum","-.2858869",".1196467","-2.389426",".0438951","-.1528171",".0300903","-5.078625",".0009548","-.1330697",".1288918","-1.032414",".3320768","-.1465023",".0950879","-1.540705",".161956"
"184.qnum",".1016246",".1106768",".9182102",".3853556","-.0119649",".0246044","-.4862901",".6398025",".1135895",".1020094","1.11352",".2978203",".1410147",".0827325","1.704466",".1266935"
"185.qnum",".0384801",".0938371",".4100734",".6925139","-.0271575",".0384842","-.705681",".5004157",".0656377",".096512",".6800987",".5156366",".1187569",".0846997","1.402094",".1984759"
"186.qnum","-.0266375",".0898586","-.2964382",".7744455","-.0803614",".023847","-3.369879",".0097873",".0537239",".0950464",".5652393",".5874081",".0497221",".0817902",".607923",".5600964"
"187.qnum","-.1900843",".0507472","-3.745713",".0056589","-.0622123",".0341745","-1.820429",".1061824","-.127872",".0247466","-5.167265",".000856","-.1487667",".039707","-3.74661",".0056516"
"188.qnum",".0571901",".0209784","2.726147",".0260003",".0438734",".0098623","4.448617",".0021432",".0133167",".0221282",".6017968",".5639708",".0531002",".0206276","2.574224",".0329106"
"189.qnum",".0718274",".0351795","2.04174",".0754697",".0378315",".0151964","2.489512",".0375508",".0339958",".0220346","1.54284",".1614439",".0578125",".0181508","3.185128",".0128976"
"190.qnum","0",".",".",".","0",".",".",".","0",".",".",".","0",".",".","."
"191.qnum","-.3401122",".052424","-6.487719",".0001906","-.1014169",".0379208","-2.674436",".0281679","-.2386953",".0449682","-5.308091",".0007213","-.2594679",".0425194","-6.102336",".0002887"
"192.qnum","-.0212801",".0157774","-1.348777",".2143427",".0221315",".0153723","1.439698",".187911","-.0434116",".0146193","-2.969464",".0178858",".0002079",".0134718",".0154349",".9880632"
"193.qnum","-.0527158",".039736","-1.32665",".2212422",".0072873",".0269761",".2701406",".7938901","-.0600031",".0254491","-2.357772",".0461183","-.0309566",".0281214","-1.100817",".3029927"
"194.qnum","0",".",".",".","0",".",".",".","0",".",".",".","0",".",".","."
"195.qnum","-.461286",".1221793","-3.775483",".005423","-.2140228",".0520785","-4.109616",".0033924","-.247263",".1098652","-2.250604",".0545159","-.4195708",".0997492","-4.206258",".002971"
"196.qnum","-.0117276",".0344389","-.3405333",".7422247","-.0148429",".0143154","-1.036852",".3301259",".0031153",".0266919",".116714",".9099636","-.0317223",".0388631","-.8162582",".4379803"
"197.qnum","-.0432827",".0391893","-1.104452",".3015052","-.0142922",".0111543","-1.281318",".2359721","-.0289905",".0366192","-.7916746",".4513832","-.0392185",".0258141","-1.519269",".1671794"
"198.qnum","0",".",".",".","0",".",".",".","0",".",".",".","0",".",".","."
"_cons","2.549057",".2685999","9.490161",".0000125",".9011468",".1139413","7.90887",".0000474","1.64791",".280212","5.880939",".0003696","1.994057",".2576827","7.738421",".0000554"
"N","279","","","","279","","","","279","","","","279","","",""
"r2",".961595","","","",".9168855","","","",".9581999","","","",".96004","","",""
"df_m","7","","","","7","","","","7","","","","7","","",""
"df_r","8","","","","8","","","","8","","","","8","","",""
"df_b","","","","","","","","","","","","","","","",""
"df","","","","","","","","","","","","","","","",""
