"","est1","","est2","","est3","","est4","","est5","","est6","","est7","","est8","","est9","","est10","","est11",""
"","b","se","b","se","b","se","b","se","b","se","b","se","b","se","b","se","b","se","b","se","b","se"
"age1618",".3353117",".090573",".1862121",".0563008",".1477566",".0477287",".0281396",".0553504",".0514115",".0373077",".0137964",".0327629",".1207531",".0578563",".1627914",".0697851",".1957925",".0546746",".1791005",".0819527",".7352258",".2065844"
"mda18","-3.125961","1.646446",".1727037","1.593646","-3.451416","2.558999","-2.741997",".9110702","-1.022397","1.4039",".2996737","2.022021","-8.630002","4.304692","-.2091825","1.613743","-6.183986","4.056725",".1614556","1.396053","-5.448484","1.758287"
"mda18_age1618","4.677498",".539491","2.213093",".8750293","3.191478","1.539644",".2898237",".6327635","1.1728",".708499",".6610331",".7728215","5.17502","2.100647","2.440538","1.041224","3.673614","1.932311","1.676755",".8933734","11.69753","1.750406"
"mlda19",".4458685","1.353453","2.044235","1.584586","-.1317928","2.05466",".6852661","1.529977","2.112841","1.9129","2.548619","1.916258","-1.405776","1.446487","-1.493726","1.578292",".1457062","1.403571","-.1631792","1.424351","-1.443465","2.20405"
"mlda20","1.175729","3.291978","-6.403243","4.10911","-1.37336","3.572745","-3.096194","2.477358","-2.322851","2.828187","4.328555","2.27853","-5.905453","1.711766","-3.535986","2.513067","2.052609","2.626898","-4.835984","2.600338","-3.114197","2.373233"
"mlda21","3.843149","1.896342","1.255793","1.914971","-4.019252","2.811793",".1574899","1.697362","4.372496","2.505845","1.331401","2.436495","-.4640523","1.620025",".6652496","2.283622",".0639323","2.216465","-.5672915","1.960118","-4.158202","2.034218"
"log_wage","13.16814","8.283451","2.580281","3.95572","-14.01038","6.65414","4.247771","3.062571","-2.765639","3.789645","11.03888","4.74309","4.673252","6.686605","4.977469","4.350687","-6.870646","5.700771","-3.181973","5.082548","-9.209877","5.946366"
"log_income","1.06e-08","3.60e-07","8.48e-07","5.55e-07","5.58e-07","3.66e-07","8.15e-07","4.79e-07","-1.01e-06","5.65e-07","1.41e-07","3.11e-07","-1.86e-07","2.91e-07","-4.64e-07","3.16e-07","-3.53e-08","3.78e-07","-2.43e-07","2.88e-07","2.01e-07","3.04e-07"
"popratio1315","-.0227898",".0185082",".0087377",".0175232","-.0020208",".0186775","-.0031761",".0185923",".0092944",".0176997",".0137579",".0180844",".001796",".0154363",".0126725",".0187563","-.0108012",".0206738","-.0205173",".0192157",".0168518",".021454"
"popratio1618","-.0096854",".0157848","-.0193718",".0169819",".0063535",".017103","-.0047587",".017329",".0059591",".0176008","-.0084713",".0171495",".0032368",".0183942",".0086086",".016682",".003357",".0175197","-.0138276",".0228389",".0298361",".0219764"
"pop_dense_thou","-4.11094","3.190671","-2.009636","1.954051","-.0176074","1.288364","-.2861077",".6255658","1.32629",".818997","-.2959008",".5919391",".7878151",".4287953",".8344786","1.161835","1.518783","2.118934","6.386221","5.332128","1.924465","1.908101"
"popratio_male","-.0001304",".0181285",".0000842",".0175165",".0113789",".0172086",".0238717",".0251623","-.0434392",".0187975",".024374",".0191413","-.0245453",".0215775","-.02295",".0187936",".0089212",".0172432",".012263",".0203195",".0182976",".0221865"
"popratio_black",".0117976",".0178252",".0215082",".0201855",".0120591",".0183839","-.018409",".0148216","-.0074986",".0214108","-.0077831",".0151773",".0112015",".018067",".0006398",".015703",".0100551",".020088",".0020436",".0139357",".0178333",".0149383"
"agency_count",".2767405",".0673611",".0804728",".0289256",".0405307",".0335939","-.0152909",".061722","-.149451",".0566757","-.0638734",".0431214",".0302003",".0338188","-.1052203",".0487228",".0252077",".0462811","-.0673432",".0414927",".233177",".0463099"
"_Iyear_1981","-.2567699","2.258206",".7222651","2.251997","-4.110806","1.772293",".6473064","2.634116","-.6600544","1.683484",".2293411","2.498257","-.2674209","1.98432",".1412027","1.624317","-.9852946","1.320795",".4353244","1.067382",".3664051","2.150769"
"_Iyear_1982","3.366222","1.664364",".1599363","1.458818","-2.085878","1.289303","-2.080887","1.40381","-4.12405","1.882974","-.3500335","1.404206","1.712238","1.786511","2.417818","2.353808","3.499847","1.52895",".2041786","1.274749","-3.248914","1.652068"
"_Iyear_1983",".6410171","1.646752","-.476602","1.689341","-3.973755","1.850229","-.9586519","1.754816","-3.060721","2.46639",".8889239","1.475949","1.470943","2.827575",".7811407","1.579186","-.0979215","1.473236",".6667043","1.555273","-4.25635","1.67547"
"_Iyear_1984","4.649216","3.338904","-.0951657","2.711411","-3.882314","1.915566","-1.723625","1.3018","-3.495544","2.194569",".4266427","1.689112","1.777681","2.908018",".9551115","1.427487","-3.027795","1.703487",".1275917","1.452913","-3.84794","1.592327"
"_Iyear_1985","4.5064","2.316121","1.323303","2.178372","-1.42341","1.676771","-1.335309","1.734465","-5.610462","2.908992",".2484962","1.982204",".4239308","1.605938","1.225392","2.482111","1.398801","2.196963","2.513412","1.769089","-4.275522","2.320235"
"_Iyear_1986","4.932033","2.471023","-3.170047","1.622107","-.9272436","1.917215",".0177463","1.712011","-1.886872","2.785533","2.356132","1.740947",".0243895","1.910067","1.348008","1.428099","1.65662","1.785206",".7446988","1.460615","-3.759807","2.575897"
"_Iyear_1987","2.624515","1.892297",".9749352","2.881377","1.448002","2.023733","-1.29444","1.664122","-3.147619","2.663085","-.2692333","1.847288","-1.408009","1.725657","-1.969633","3.996131","1.200717","2.506454",".5428444","1.632193","-2.670094","1.827747"
"_Iyear_1988","4.796028","2.510157","-.8558501","1.920454","2.445046","2.768202",".2529865","2.332724","-5.604069","2.333113","5.339583","1.755647","-.1990097","2.944596","-.4625908","2.949562","3.014595","2.639275","3.937901","1.804835","-2.698492","2.667537"
"_Iyear_1989","9.639135","4.535741","-1.73433","1.326667","-.3474637","1.739262",".3879044","1.748384","-7.152448","4.131473","6.427962","1.72988","-.8617601","1.77971","3.931742","2.572434",".6864682","1.456312","1.062184","1.873206","-2.351979","2.934898"
"_Iyear_1990","9.149663","2.678252","-.2712322","1.485881","1.846878","2.307019","-1.455137","1.75939","-2.698236","1.771467","3.900421","1.625117",".3204432","1.84286","3.170385","3.465288","2.444217","2.096596",".7890787","1.955058","-3.045288","2.794904"
"_Iyear_1991","5.881899","1.764833","-.3567398","1.385929","5.611251","2.353803","-.0069037","1.50512","-.9765388","1.152745","3.538002","1.341685","5.261922","5.27265","2.055248","1.870177","5.55585","2.188671","2.084081","1.432514","-6.011034","2.263665"
"_Iyear_1992","6.311794","2.542595","-1.212425","1.233255","2.793773","2.0546","1.824641","3.005271","-3.527392","1.587694",".1809522","1.876962","-.2678229","1.305558","4.527737","2.269768","4.756647","2.600126","-.6373151","1.326506","-2.362097","2.182111"
"_Iyear_1993","7.245234","2.784986","-.4012431","2.012695","1.68338","2.026423","-.4226838","1.84389","-4.151379","2.290718","1.350423","1.502373","2.549521","2.075642","2.26354","1.981188","4.948818","1.963647","4.306837","1.369767",".0414181","3.686657"
"_Iyear_1994","10.84677","2.959761","-2.327383","1.511689","3.601363","2.528661","1.838413","1.711384","-3.342163","1.762095","3.346212","1.344852",".2369081","2.976438","2.841169","1.8008","4.200376","1.527978","2.528894","1.758154","-2.631607","1.405753"
"_Iyear_1995","9.192767","3.576655","-1.258529","2.026041","2.543656","2.672668","-1.442344","1.629805","-2.294558","1.751156","1.363978","1.990236","-2.174813","1.959166","2.095785","2.270372","7.325588","2.295323","4.229789","1.717716","4.101408","1.972137"
"_Iyear_1996","6.489198","2.229348",".4251384","1.936879","1.644781","2.229918",".6819453","1.700027","-2.963707","1.824009","2.290498","1.657666","-3.496468","2.90947","2.388079","2.669188","5.40467","2.18647","1.490613","2.257856",".519244","1.140827"
"_Iyear_1997","5.986533","3.192435",".1262645","1.280855","1.35879","1.754516","-.7721298","1.35663","-3.648325","1.570315","-.1875715","1.204944",".5374989","1.525284","3.013114","1.826489","4.011008","1.750652","7.174743","1.867465","4.510211","1.303417"
"_Iyear_1998","2.179671","2.299003","-1.429282","2.166365","1.790283","2.027202","-4.64947","2.340164","-2.132338","1.434802",".9795307","1.428981","-.8352524","1.577205",".9093436","1.422914","1.070504","1.405019","3.806499","1.5315","2.377382","1.654612"
"_Iyear_1999","-1.049216","1.647552","-.5012127","1.998653","3.839226","2.470594","-1.883085","2.043718","-1.481117","1.43835",".9967245","2.141666","-3.315279","1.960953","-1.187942","2.120932","4.569641","2.176021","-1.491706","1.701374","4.236641","2.183236"
"_Iyear_2000","1.303249","1.548291","-3.020639","1.564256","3.340103","1.909135",".2573408","3.297809","-2.75454","1.419696",".5418941","1.295337","-1.074613","2.291407","-2.068631","4.039805","4.315295","2.159648","2.677724","1.951209",".1286915","3.243467"
"_Iyear_2001",".5092104","3.641461","-4.567528","1.576255",".0617067","2.59506",".7926036","1.323073","-4.099868","1.92264",".2511744","1.879633","-2.22314","1.684042","-1.794805","2.761699","2.689717","2.001899",".9023689",".9228311","1.458464","1.552261"
"_Iyear_2002","-1.177786","1.323009","-2.513101","1.944574","3.285422","1.915645","2.14767",".9108351","-1.706269","1.396363","1.910763","1.461965","-1.836442","1.371709","1.37449","1.855602","1.703085","1.928911",".0934747","1.495671","-.7462616","1.121465"
"_Iyear_2003","1.258218","3.014054",".3067334","4.052143",".758009","2.322845","-1.526073","1.26426","-1.903567","1.592866","2.210014","1.523252","-1.869958","1.303723","-2.020718","2.49141","1.484638","1.554957",".7682628",".8856453","-1.37146","1.301032"
"_Iyear_2004",".8770557","2.671403","-3.161163","1.592839","1.212324","3.39286","2.477556","2.015645","-2.090091","1.99263","1.180543","1.938056","-2.382756","1.474976",".6729735","1.695615","2.685577","2.324737","2.253136","1.552734",".8008814","2.774733"
"_Iyear_2005",".495976","2.756214","-.0280162","2.304279",".8912703","2.267321","1.862333","1.471179","-1.250767","1.622514","-.3482186","1.650549","1.349791","1.998917",".1485535","1.648408","1.177361","2.218646","-1.498139","2.042379","-1.427712","1.456493"
"_Iyear_2006","-.8886246","3.275434",".5380782","1.975082","1.117605","2.358764","-3.152321","1.965776","-2.119033","1.432537",".7401554","1.475396","-.1916106","1.614669",".8390035","2.438802","3.780389","2.710826","-1.776953","2.32853","-1.035608","1.487618"
"_Iyear_2007","-1.291076","2.780569","1.043311","1.963322","-.754795","2.726979",".3032737","1.578732","-2.439819","1.500472","1.360714","1.543122","-1.244351","1.575061","-1.414908","1.722494","4.366613","2.360414",".7955981","1.051264","-1.413364","1.94331"
"_Iyear_2008","0",".","0",".","0",".","0",".","0",".","0",".","0",".","0",".","0",".","0",".","0","."
"_Iyear_2009","0",".","0",".","0",".","0",".","0",".","0",".","0",".","0",".","0",".","0",".","0","."
"state_fe_1_trend","-.1145168",".0758433",".0115339",".0951147","-.2202919",".1260614","-.1932435",".0615562",".0727795",".1089302","-.0149769",".0712433",".1736776",".1414341",".1306892",".0860089",".2183778",".084221",".0637717",".0867489","-.1153212",".1466729"
"state_fe_2_trend","-.1910968",".1369002","-.4352391",".0809846",".0867627",".1272799","-.0658345",".10412","-.5140136",".086248",".5264882",".0626318","-.396735",".1161225",".3114361",".0561837","-.1745328",".0919196",".1426862",".0823437",".0524294",".1406351"
"state_fe_3_trend","-1.169078",".0734959","-.7100277",".0891042",".0030306",".1125761","-.3981602",".0583139","-.3122651",".098452",".1202686",".0646229",".6227458",".1263835",".1431865",".0710995",".3215335",".0754388",".406383",".0929457",".5312614",".1351638"
"state_fe_4_trend","-.061177",".069331","-.1474796",".0711054","-.3943039",".0892538","-.0461054",".0460435","-.2546249",".0956608",".0682974",".0600488",".2079562",".1338107",".0196501",".0608494",".0921365",".0894498",".0741973",".0574674","-.0325643",".1206522"
"state_fe_5_trend","-.5806161",".1464477","-.8578348",".0941941","-.3447528",".1391157","-.1483925",".0580795",".0439313",".1026896",".0493967",".0867478",".4026871",".2367929","-.0118732",".0822921",".1474929",".1744771","-.2603027",".1016889","-.3006189",".0609014"
"state_fe_6_trend","-1.381325",".1172549","-.630625",".1009671","-.3905873",".1265554","-.4514419",".0851742","-.2815577",".1694619",".0130142",".1280939",".2298443",".140755","-.073898",".1085957",".0436666",".1140326",".1767008",".1343371",".5183919",".1723605"
"state_fe_7_trend","-.5133953",".1498681","-.7484831",".1127511","-.1658678",".1777302",".1293579",".0764013","-.1495687",".1449483",".0621191",".0756339","-.2097125",".2081405","-.3937811",".1070484",".5795776",".1678778","-.2993456",".088351",".1563927",".0774185"
"state_fe_8_trend","-.638227",".1185035","-.0470172",".0988223",".4439888",".1072388",".0224842",".0703482","-.2449923",".0902244",".4418368",".0740076","-.2389298",".0940169",".4754584",".0765878",".7728428",".0928737",".1953047",".0897239",".8338466",".1085997"
"state_fe_9_trend","-2.081905",".1976146",".2393212",".132786",".6785715",".1928149","-2.065793",".131909",".1881174",".1664207","-.8202754",".2386908",".5819554",".1461798","1.881556",".1415946",".3282463",".1788366","3.403187",".20421","1.974927",".1660591"
"state_fe_10_trend","-.7662662",".132664",".3736089",".1454458",".1814033",".1829258","-.3645933",".0855198","-.2110799",".1042618",".7692039",".1235018",".438401",".1490579",".0384553",".1027975",".1343129",".1246428","-.5239575",".1790269","-.1117452",".1358935"
"state_fe_11_trend",".1210904",".1048919",".1157532",".1176337","-.2445118",".1291043",".0724258",".0738516","-.0897532",".1178655",".1959785",".0825422",".0115392",".1461212","-.0804779",".0859703","-.0272677",".1029297",".0581692",".1516126",".260227",".1583528"
"state_fe_12_trend","-3.602417",".1889273","3.33935",".1785332","2.112764",".2534179","5.196563",".2728264",".3930883",".1465424","-1.104626",".1583375","1.182949",".2298214",".6015826",".2841033",".0063233",".1713209",".0892316",".2529668","-1.324456",".3411011"
"state_fe_13_trend","-.5637288",".0805704","-.472072",".1027586","-.1815472",".1340158",".0423421",".0666815","-.2044867",".1131199",".0175689",".0754129",".0297561",".1453948",".1336552",".0930314",".4302843",".0876805",".0152479",".0955955",".0921942",".1521977"
"state_fe_14_trend","-.2671676",".2591284","-.50332",".102404","-.3022855",".1809951",".1746055",".2604264","-.5600589",".2766291","-.2761743",".1501399",".889802",".210196","-.4845775",".2388362","-.0784883",".1904343","-.8187057",".1579952","-.1918222",".2116108"
"state_fe_15_trend","-.1659634",".067803","-.1828007",".0698471","-.1466282",".098513","-.1071799",".0508947","-.1015341",".1068781",".2036291",".0577616",".0810473",".1946382",".2122511",".0653317",".2034323",".0764905","-.0130011",".0679518",".1451961",".1081216"
"state_fe_16_trend","-.1552059",".0799802",".0272867",".0997095","-.0631593",".1307455","-.0191753",".0677142","-.3131857",".1090634",".146817",".0784296",".0360001",".1304238",".1758679",".0922489",".1893291",".0848175",".1156486",".0914284",".3034019",".148801"
"state_fe_17_trend","-.7219059",".1120174","-.347697",".1148307",".0101658",".1613008",".1125166",".0886786",".0278749",".1874802",".1588902",".098062",".1498096",".2888373",".0698573",".1549346",".2268064",".157399",".099346",".1184447",".0641518",".1131383"
"state_fe_18_trend","-.2665026",".075036","-.1263256",".0845693","-.5046515",".1136368",".0022965",".0554178","-.3420158",".088703",".0919832",".0623429",".1765833",".1390383",".1520443",".0754332","-.1024007",".1038728","-.130373",".0558208",".336615",".1151598"
"state_fe_19_trend","-.0564773",".1125309","-.1087212",".1138445","-.0476716",".1612731",".0408768",".0946217","-.332482",".2022927","-.0219069",".1007528",".388015",".2858168","-.0913814",".1614434",".6135125",".1560264",".057095",".1096963",".30918",".1299761"
"state_fe_20_trend","-.5490759",".1334543","-.5246537",".1416844","-.0534516",".130048",".0260889",".0901378","-.5998259",".1103032",".1275013",".0833558","-.0221504",".1002032","-.142216",".1019389",".3678993",".1072029","-.1265225",".0904002",".1935487",".1254704"
"state_fe_21_trend","-.1708782",".0813779","-.4446929",".0732459","-.4080964",".0930648","-.0501668",".0543413","-.2247682",".1218963",".1270423",".0857643",".37266",".1385681",".0282095",".0765848",".3866514",".0907789",".4452533",".0790846",".8947507",".1402555"
"state_fe_22_trend","-.3721343",".1524021","-.3067829",".1245471","-.3323455",".1380237","-.4392404",".0979381","-.0766361",".1049809",".1216635",".0867698","-.1998214",".0807296","-.0166715",".0889674",".1823827",".1111747","-.1351434",".1117375","-.1137927",".1124263"
"state_fe_23_trend","-.1873233",".0675106","-.138602",".0661302","-.462512",".082428",".189859",".0466948","-.3029985",".086968",".1701541",".0594983",".0246423",".1208496",".1745805",".0512641",".1442348",".0848044",".0184926",".0544309","-.0675115",".1121526"
"state_fe_24_trend","-.3761707",".0819685","-.0553952",".102418",".0563908",".1307097",".0439616",".067469","-.1656919",".1060559","-.0398331",".0734204","-.0707182",".1342977",".2577133",".0871998",".3103202",".0842264","-.0794653",".1059353",".1023261",".1476502"
"state_fe_25_trend",".0662717",".1060003","-.1420204",".0981992","-.4064255",".1230056","-.0385776",".0800301","-.4144806",".16554","-.1398454",".1259996",".0784482",".1553612","-.1871052",".1134896",".1017001",".1143734","-.0074086",".1123166",".5270254",".1772932"
"state_fe_26_trend",".1403661",".0834144","-.2221315",".0744647","-.17938",".0831973","-.1226116",".0556205",".2874099",".097098",".0547865",".0692134",".0404207",".1312786","-.0380662",".0581293",".3792506",".0903778","-.1758918",".0681222",".4560009",".1259383"
"state_fe_27_trend","-.4245805",".0820099","-.265335",".1022544",".1066873",".1122365",".0684058",".0747261","-.3238039",".1094179","-.1476376",".0632882",".3859894",".136837",".1888606",".0857603",".0707995",".0917427","-.072716",".0819852",".2691015",".1442478"
"state_fe_28_trend","-.3909752",".0934192",".042967",".1093709",".045877",".1323283","-.0373451",".0683139","-.1422499",".116735",".3346044",".0581906","-.1701876",".2049062",".061325",".109586",".4224955",".1006396","-.0561143",".0878561",".2055873",".1152438"
"state_fe_29_trend","-1.148586",".073962","-.5650557",".0658034","-.3371152",".0887791","-2.215955",".0573662","-.3945677",".1001719","-.4298371",".0496079","1.16117",".172651",".4410553",".0651883",".4450911",".081268",".0985406",".0689356","-.0062407",".1148676"
"state_fe_30_trend","-.3609016",".1285094","-.6345125",".1202321","-.6785827",".1135137",".3048031",".0792487","-.4106693",".1127395","-.0596803",".0857686",".0113578",".1326684","-.5080938",".1045044",".1075715",".1185029",".1675565",".094412",".2879127",".1502375"
"state_fe_31_trend","-.6885303",".0732856","-.4712079",".0673825","-.1641491",".0886841",".1456006",".0528999","-.1480457",".0881003",".2249821",".0571647",".0673795",".1088908","-.0116937",".0541392","-.3826721",".0695586",".4144001",".076024",".0881812",".1138443"
"state_fe_32_trend","-.6236438",".0679908","-.2325334",".0675689","-.4163092",".0823652",".0443951",".0479068","-.0546171",".1145489","-.1575626",".0562206",".0571636",".1680301",".2516441",".0603206",".2815519",".074794",".3476",".0638268","-.4865059",".1055826"
"state_fe_33_trend","-.4526272",".1018072","-.2604958",".0884745","-.094195",".1098472","-.1735511",".0658091","-.2408361",".1224389","-.0980377",".0892094",".0474022",".117635",".0694235",".0751728",".0344738",".0897471",".2786664",".1369529",".6295083",".1368751"
"state_fe_34_trend","-.1150757",".0966909","-.1642183",".0988467","-.0163852",".1195342","-.1493503",".0695188","-.1669868",".1376911","-.0259009",".1036265",".2510419",".1395831",".0093386",".0944603",".2497983",".0996693",".1322688",".1217674",".2611287",".156943"
"state_fe_35_trend",".0361978",".0754514","-.4279007",".0746654","-.2316369",".0985373",".0350778",".0486946","-.0782802",".1022583",".0912674",".0651513",".0205042",".1379875",".2577694",".0624296",".1376642",".0946996",".0223267",".0610235",".123094",".1315375"
"state_fe_36_trend","-.3722305",".0908292","-.2842211",".0939312","-.1710083",".124202",".1462493",".0690719","-.3366288",".1325936",".1923809",".0962493","-.0922287",".1305679",".1279413",".0935373",".0030186",".0892552",".1788871",".0972422",".0713797",".1467935"
"state_fe_37_trend","-.4142785",".0873312","-.2018026",".0838963","-.4234208",".1030396",".1874143",".0621478","-.4725074",".1373758",".1760935",".0995066",".092058",".1451976",".106987",".0879068","-.1157983",".0999946",".0325601",".0929027",".2781291",".1521395"
"state_fe_38_trend","-.8394541",".1009977","-.5087073",".0502332","-.4714206",".0671715","-.0310038",".0506661",".2225148",".0706133","-.1557733",".056999","-.1937995",".0780674","-.0734933",".0787496",".0102308",".0660155","-.1818595",".0660579",".0227763",".0671304"
"state_fe_39_trend","-.2941078",".0756981","-.3794867",".0729871","-.3799342",".086563","-.10359",".0486985","-.2268114",".0862087",".0062109",".0688219",".0818432",".1260995",".3021499",".0526174",".4144445",".093011",".2161976",".0546603",".0885499",".1151449"
"state_fe_40_trend","-.0598083",".1073217","-.8821369",".086222","-.3614835",".1048112","-.0120283",".063827","-.2016843",".0972324","-.4682913",".0751439",".2310676",".0905693","-.5299798",".0681132","-.0532268",".077106","-.2798431",".0882201",".1240059",".1068603"
"state_fe_41_trend",".1486711",".1055054","-.1264135",".0977848","-.222042",".1160414",".0036178",".0726355","-.1372642",".1406491",".2902392",".1111883",".1019044",".1372748",".2136549",".1036047",".3702503",".1083158",".1997167",".1057853",".3089847",".1604719"
"state_fe_42_trend","-.5201494",".1019071",".0245378",".0991126",".0580301",".1281619",".3340555",".0750499","-.1846544",".1596621","-.1857894",".117408",".3241637",".1536399",".5307989",".1087568","-.0189552",".1075256",".3752294",".1044022",".1561194",".1612427"
"state_fe_43_trend",".0770892",".085951",".1722096",".0903939",".0345649",".106259","-.0173982",".0632756","-.0891878",".1190093","-.0651457",".0696672",".3787614",".1376555",".0291417",".0769039",".3879075",".0924597","-.214322",".0987695",".5761454",".1425223"
"state_fe_44_trend","-.3450743",".1281971","-.3967028",".1324673","-.2123573",".1805527",".0089761",".0865679","-.1760132",".1533863",".2353871",".0860054",".4186031",".2968861",".1033772",".1581268",".3694836",".1800822","-.1031426",".1530076",".3031705",".1116479"
"state_fe_45_trend","-1.260358",".0848092","-.4013859",".080824","-.1014382",".1000679","-.1054567",".0506252","-.1844875",".0924175",".0011525",".0666075",".1793015",".1397768",".3990944",".059728",".1456695",".0934572","-.1843284",".092877",".0396613",".1340031"
"state_fe_46_trend","-.1500555",".1471886","-.1049605",".0775866",".1770144",".140431","-.3303211",".0799786",".0257443",".1389889","-.0361536",".116436",".1649417",".0948969",".4522224",".0823382",".2763162",".0991105",".2087909",".1121953",".2275472",".143386"
"state_fe_47_trend","-.1972621",".0978244","-.334616",".1228009","-.0389835",".153721",".0454304",".0820684","-.3653854",".1592954","-.0022433",".0796195",".4936173",".2882825","-.0600733",".1559162",".182776",".1378578","-.0459808",".1194783",".2835782",".1023033"
"state_fe_48_trend","-.4121726",".1139863","-.5258268",".0539775","-.2144216",".0693434","-.28606",".0515192",".0974099",".0656387",".2495764",".0603874",".0702963",".0721423",".0291718",".0735901",".1910395",".0711161",".0648196",".0758435",".2039931",".0687379"
"state_fe_49_trend","-.2248872",".0904809","-.2680658",".0908747","-.1227665",".1168048","-.0746406",".0680248","-.2193017",".1409387",".0469803",".1010768",".0989727",".1381762",".067358",".0977668","-.0913308",".0954299","-.0023214",".0958588",".0450391",".1540058"
"state_fe_50_trend","-.7279724",".0945632","-.3316514",".0881447","-.0098247",".1229824","-.2048423",".0747105","-.1814079",".1497537","-.1207627",".0957599",".083595",".15978","-.0035493",".1144995",".2632557",".0974633",".0778237",".0991136",".6773692",".1336874"
"state_fe_51_trend","-.0958596",".0867307",".1123945",".1114666","-.1157729",".1455703",".0292096",".0729603","-.0736008",".1209217",".1277157",".0824078",".0691218",".1472589","-.0628027",".105354",".4705234",".0888996",".014511",".0962692",".8148262",".1591005"
"_cons",".468645","16.57107","11.84006","7.263639","33.77798","12.33679","-4.185509","5.406302","7.432866","8.40351","-20.59918","7.804742","-5.563372","13.81307","-5.119429","7.980742","15.51404","11.55435","1.162536","9.755623","21.27271","11.13682"
"N","133922","","133250","","132724","","134020","","136258","","133912","","134363","","133252","","133783","","133483","","133747",""
