"","est1","","","","est2","","","","est3","","","","est4","","","","est5","","","","est6","","","","est7","","","","est8","","",""
"","b","se","t","p","b","se","t","p","b","se","t","p","b","se","t","p","b","se","t","p","b","se","t","p","b","se","t","p","b","se","t","p"
"y1964",".1351268",".1041328","1.29764",".1949105","-.2434594",".4113867","-.5918018",".5542066","-1.293492",".4508788","-2.868825",".0042652","-1.491386",".5443537","-2.739737",".006332","","","","","","","","","","","","","","","",""
"y1964lnfracdeaths","-.0344454",".3674114","-.0937514",".9253379",".046726",".3639781",".1283757",".8978947",".0587888",".3783857",".1553674",".876584",".0578482",".374963",".1542772",".8774431","","","","","","","","","","","","","","","",""
"y1982","-.3436645",".1613542","-2.129877",".0335888","1.545504",".5929672","2.606391",".0093779","-1.222765",".6636285","-1.842544",".0658897","-1.159354",".7531203","-1.539401",".1242345","-.5521288",".0813638","-6.785931","1.66e-11","1.477545",".3586864","4.119324",".0000401","-.2358072",".3643387","-.6472198",".5175897","-.0132246",".40443","-.0326994",".9739187"
"y1982lnfracdeaths","-1.213876",".5080926","-2.389084",".0171989","-.8477923",".4574083","-1.85347",".0643066","-.8159903",".4828634","-1.689899",".0915677","-.8244476",".4914572","-1.677557",".0939552","-1.128397",".2479908","-4.550157","5.80e-06","-.8736374",".2273742","-3.842289",".000127","-1.138819",".2879217","-3.955307",".00008","-1.101235",".2932566","-3.755194",".0001799"
"y1990",".7151804",".1282216","5.577688","3.69e-08","2.271264",".5096733","4.456314","9.95e-06","-1.260665",".6608233","-1.907718",".0569055","-1.322954",".7424808","-1.781802",".0752881",".5336921",".0659184","8.096255","1.17e-15","2.159444",".3231798","6.681868","3.33e-11","-.3153983",".3609671","-.8737593",".3823906",".0156676",".3916787",".0400011",".9680977"
"y1990lnfracdeaths","-.8015889",".5267563","-1.521745",".1286006","-.5020374",".4900684","-1.024423",".3060489","-.4614625",".5379375","-.8578366",".3913258","-.506008",".5466683","-.9256216",".3550154","-.584746",".2063477","-2.833789",".0046622","-.4132739",".1969933","-2.097908",".0360819","-.7963137",".276459","-2.880404",".0040287","-.768469",".2839511","-2.706343",".0068808"
"y2000","1.281126",".1337146","9.581046","2.52e-20","2.359202",".5830386","4.046392",".0000588","-2.127302",".7540571","-2.821142",".0049439","-2.040017",".7708645","-2.646402",".0083491","1.187198",".0756906","15.68488","2.02e-51","2.707679",".3958712","6.839798","1.16e-11","-.7190265",".4105667","-1.751303",".0801002","-.4634257",".4414446","-1.049793",".2939839"
"y2000lnfracdeaths","-.4339227",".5651678","-.7677767",".4429224","-.0875393",".5362862","-.1632324",".8703905","-.0359981",".6215788","-.057914",".9538365","-.0982853",".6396749","-.1536488",".8779384",".1414718",".3431429",".4122825",".6801919",".429139",".3316365","1.294004",".1958652","-.1012238",".4220321","-.2398485",".8104808","-.1727292",".4345142","-.3975226",".6910392"
"y1964Xln_charity",".016853",".0202503",".8322385",".405606",".0140355",".0203986",".6880639",".4916789",".0212353",".0223478",".9502184",".3423845",".0206514",".0226193",".9130018",".3616089","","","","","","","","","","","","","","","",""
"y1982Xln_charity",".016354",".0383828",".4260779",".6702042",".0191748",".0369396",".5190865",".6038921",".038156",".03542","1.077244",".281805",".0403764",".0355188","1.136762",".2560924","-.0060567",".0222399","-.2723361",".7854014","-.0040065",".0212621","-.1884344",".8505619",".0119276",".0214117",".557062",".577569",".0116607",".0215583",".5408908",".588664"
"y1990Xln_charity","-.00568",".0322804","-.175959",".8603856","-.0036287",".031436","-.1154303",".9081428",".0205887",".032487",".6337509",".5264853",".0226106",".0326319",".6929004",".4886406","-.0221219",".0183981","-1.202403",".2293993","-.0194825",".0176358","-1.104713",".2694631",".0035335",".0200737",".176028",".8602959",".0040195",".0201331",".1996492",".8417823"
"y2000Xln_charity","-.0369683",".0316886","-1.166612",".2438314","-.0346453",".031015","-1.117051",".2644205","-.0038827",".0408503","-.0950475",".9243089","-.0062771",".0407575","-.1540114",".8776526","-.0148297",".0203358","-.729241",".4659692","-.0143064",".0204878","-.6982914",".4851043",".0175619",".0251209",".6990958",".4846016",".0134406",".0247354",".5433737",".5869541"
"y1964Xln_ethf",".0291853",".0146089","1.997767",".0461937",".0244852",".0137375","1.782368",".0751956",".0309066",".014556","2.123295",".0341385",".0310415",".0145314","2.136176",".0330697","","","","","","","","","","","","","","","",""
"y1982Xln_ethf","-.038847",".0227412","-1.708217",".0881142","-.02744",".0203032","-1.351509",".1770427","-.0105109",".0216417","-.4856786",".6273727","-.0100356",".0217284","-.4618656",".6443454","-.089778",".0123921","-7.24479","6.93e-13","-.0773747",".0117974","-6.558614","7.48e-11","-.0533427",".0117243","-4.549765","5.81e-06","-.0542069",".0116901","-4.636986","3.85e-06"
"y1990Xln_ethf","-.0281728",".0190433","-1.479408",".139557","-.0190506",".0170976","-1.114226",".2656291",".0025486",".0197486",".1290497",".8973616",".0035015",".0198693",".1762255",".8601764","-.080088",".0099902","-8.016664","2.18e-15","-.0691069",".0095908","-7.205514","9.16e-13","-.0343941",".0098894","-3.47788",".00052","-.0356646",".0098048","-3.637454",".0002848"
"y2000Xln_ethf","-.0965804",".0199675","-4.836876","1.68e-06","-.0894696",".0198459","-4.508205","7.87e-06","-.0620328",".0230746","-2.688358",".0073802","-.0609919",".0230727","-2.643465",".008421","-.1506089",".0118374","-12.7231","2.84e-35","-.1420032",".0121332","-11.70366","2.50e-30","-.0939393",".0122474","-7.670114","3.09e-14","-.0946637",".0122622","-7.719949","2.12e-14"
"y1964Xln_gini","-.0838592",".1806741","-.464146",".6427118","-.0146279",".1692122","-.0864474",".9311397","-.0584642",".1830523","-.3193852",".7495458","-.065766",".1826199","-.3601252",".7188804","","","","","","","","","","","","","","","",""
"y1982Xln_gini","-.7968082",".3087149","-2.581049",".0100867","-.8113608",".2755022","-2.945025",".0033546","-.9269291",".3035295","-3.053836",".0023597","-.9296317",".304666","-3.051315",".0023792","-.6619517",".1453642","-4.553746","5.70e-06","-.7489601",".1554637","-4.817588","1.60e-06","-1.011016",".151603","-6.668835","3.63e-11","-1.003438",".1522812","-6.589374","6.12e-11"
"y1990Xln_gini","-.4165205",".2567796","-1.622093",".1053095","-.4254768",".2254829","-1.886958",".0596493","-.572926",".2811905","-2.037501",".0420388","-.5820861",".2818924","-2.064923",".03936","-.1516034",".122646","-1.236105",".216615","-.2461764",".1337038","-1.841207",".0657906","-.6247009",".1414032","-4.417868",".0000107","-.6152298",".1420206","-4.331976",".0000158"
"y2000Xln_gini",".109114",".2546948",".4284106",".6685062",".1247602",".2539905",".4912001",".6234648","-.0625401",".2948708","-.2120933",".8321064","-.0882724",".2957261","-.2984936",".7654299",".8039656",".1537323","5.229647","1.94e-07",".7711206",".1676512","4.599554","4.59e-06",".2470097",".1580009","1.563344",".1181848",".2569306",".1573911","1.632434",".1028"
"y1964Xln_slp","","","","",".0052818",".0173363",".304668",".7607248",".0340005",".0181607","1.872208",".0616649",".0346207",".0182068","1.901525",".0577128","","","","","","","","","","","","","","","",""
"y1982Xln_slp","","","","","-.0654497",".0257398","-2.542742",".0112491",".0102633",".0263761",".3891134",".6973305",".0079292",".0265735",".2983853",".7655126","","","","","-.0493551",".0136812","-3.607517",".0003194","-.0172841",".0133858","-1.291228",".1968258","-.0171511",".0133085","-1.288736",".1976905"
"y1990Xln_slp","","","","","-.0524286",".0227599","-2.303556",".0215891",".0441708",".0256203","1.724051",".0852145",".0422614",".025851","1.634808",".1026147","","","","","-.0423837",".0108307","-3.91328",".0000952",".003941",".0117176",".3363349",".7366659",".0035073",".0116235",".3017397",".7628928"
"y2000Xln_slp","","","","","-.0567801",".023135","-2.45429",".0143998",".0659272",".0264439","2.493101",".0129321",".0637816",".0266777","2.390824",".0171184","","","","","-.0417195",".014307","-2.916011",".0035986",".0224225",".013951","1.607237",".1082149",".022576",".0138626","1.628558",".1036188"
"y1964Xln_provdist","","","","",".0499312",".0292558","1.706712",".0883938",".0887042",".0322629","2.749421",".0061502",".0913719",".0324474","2.815997",".0050227","","","","","","","","","","","","","","","",""
"y1982Xln_provdist","","","","","-.0301379",".0471352","-.6393936",".5228113",".0720818",".0469266","1.536055",".1250528",".0781631",".0462022","1.691761",".0912116","","","","","-.0940147",".0267927","-3.508971",".0004633","-.0340543",".0250454","-1.359706",".1741294","-.0318846",".0250459","-1.273044",".2032017"
"y1990Xln_provdist","","","","","-.025334",".04063","-.6235279",".533175",".1050844",".043498","2.415841",".0159971",".1103597",".0430404","2.564094",".0105873","","","","","-.0853163",".0231111","-3.69158",".0002309",".0012931",".0215844",".059909",".9522362",".0042018",".0216051",".1944839",".8458236"
"y2000Xln_provdist","","","","",".0213552",".0433638",".4924648",".6225713",".1870217",".0464411","4.027072",".0000637",".185805",".0459343","4.045019",".0000592","","","","","-.0440772",".0286738","-1.537194",".1244589",".0758436",".0232621","3.260392",".0011378",".0707671",".023494","3.012137",".002638"
"y1964Xln_dist_pcap","","","","","-.033612",".0393223","-.854781",".3930141","-.0110375",".0419702","-.2629839",".7926534","-.012523",".0416144","-.30093",".7635723","","","","","","","","","","","","","","","",""
"y1982Xln_dist_pcap","","","","","-.2068466",".0569386","-3.632804",".0003044","-.147332",".0575207","-2.561374",".0106696","-.1444343",".0578547","-2.4965",".0128101","","","","","-.131715",".0324135","-4.063587",".0000509","-.0988772",".0301292","-3.281771",".0010555","-.0977312",".0301131","-3.245469",".0011987"
"y1990Xln_dist_pcap","","","","","-.1712867",".0498618","-3.435226",".000633","-.0953544",".052886","-1.803018",".0718878","-.093971",".0529752","-1.773868",".0765929","","","","","-.0823681",".0287334","-2.866631",".0042072","-.0349357",".0264852","-1.319066",".1873504","-.0332617",".0264631","-1.256912",".2089833"
"y2000Xln_dist_pcap","","","","","-.1678957",".054775","-3.065189",".0022732","-.0714411",".051062","-1.399104",".1622994","-.0670647",".0519046","-1.292076",".1968291","","","","","-.1442541",".0385968","-3.737467",".0001929","-.0785786",".0288242","-2.726134",".0064834","-.0773387",".0287024","-2.694501",".0071289"
"t_provc1","","","","","","","","",".0112896",".0050524","2.234511",".0258175",".0110164",".0050507","2.181167",".0295592","","","","","","","","",".0524288",".0043565","12.03458","6.76e-32",".052861",".0044106","11.98507","1.17e-31"
"t_provc2","","","","","","","","",".0434352",".0043818","9.912547","1.50e-21",".0436857",".0044443","9.829716","3.06e-21","","","","","","","","",".0584403",".0038592","15.14316","2.79e-48",".0582048",".0038722","15.03138","1.21e-47"
"t_provc3","","","","","","","","",".0269758",".0053645","5.028572","6.54e-07",".0275646",".0054943","5.016948","6.93e-07","","","","","","","","",".0417242",".0043803","9.525397","6.42e-21",".0416165",".0043788","9.50405","7.78e-21"
"t_provc4","","","","","","","","",".01373",".003862","3.555107",".0004076",".0133025",".0039991","3.326402",".0009336","","","","","","","","",".0299776",".0111685","2.684134",".0073526",".0308194",".0110618","2.786122",".0054021"
"t_provc5","","","","","","","","",".0281084",".0071203","3.947634",".0000883",".0286831",".0072135","3.976322",".0000785","","","","","","","","",".0258175",".0052426","4.924553","9.40e-07",".026333",".00526","5.006299","6.21e-07"
"t_provc6","","","","","","","","","-.0013634",".0060835","-.2241183",".8227417","-.0007672",".0062251","-.1232376",".9019603","","","","","","","","",".0060548",".0049392","1.225863",".2204446",".0060332",".0048847","1.23512",".2169812"
"t_provc7","","","","","","","","","-.0024438",".0063232","-.386482",".699277","-.0030954",".0057665","-.5367905",".5916116","","","","","","","","",".0006921",".0040181",".1722503",".8632642",".0006295",".0040897",".1539232",".8776912"
"t_provc8","","","","","","","","","0",".",".",".","0",".",".",".","","","","","","","","","-.0092503",".0048397","-1.911333",".0561542","-.0086932",".0049689","-1.749529",".0804062"
"t_provc9","","","","","","","","",".038514",".005359","7.186776","1.98e-12",".0393368",".0055099","7.139352","2.73e-12","","","","","","","","",".0416728",".0046476","8.966546","8.98e-19",".0416882",".004705","8.860444","2.23e-18"
"t_provc10","","","","","","","","",".0369585",".0056231","6.572668","1.08e-10",".0378407",".0058727","6.443449","2.40e-10","","","","","","","","",".0442363",".0048329","9.153169","1.77e-19",".0437674",".0050064","8.742329","6.06e-18"
"t_provc11","","","","","","","","",".0258546",".0054801","4.717879","2.97e-06",".0266911",".0056582","4.717226","2.98e-06","","","","","","","","",".0323004",".0045968","7.026664","3.21e-12",".0320814",".0046667","6.874488","9.13e-12"
"t_provc12","","","","","","","","",".0223627",".0054677","4.089956",".000049",".0226739",".0055233","4.105168",".000046","","","","","","","","",".0301459",".0052326","5.761138","1.01e-08",".0294415",".0052126","5.648088","1.94e-08"
"t_provc13","","","","","","","","",".0183363",".0054466","3.366577",".0008098",".0196089",".00577","3.398431",".0007227","","","","","","","","",".0222786",".0042157","5.284694","1.45e-07",".022549",".0043085","5.233542","1.90e-07"
"t_provc14","","","","","","","","",".0454975",".0050403","9.026684","2.40e-18",".0462408",".0052072","8.880101","7.74e-18","","","","","","","","",".053847",".0039959","13.47544","3.93e-39",".0538221",".0040548","13.27353","4.44e-38"
"t_provc15","","","","","","","","",".0319787",".0044196","7.23561","1.42e-12",".0326073",".0046002","7.088276","3.83e-12","","","","","","","","",".0443663",".0040138","11.05355","2.38e-27",".0438172",".004106","10.67142","1.15e-25"
"t_provc16","","","","","","","","",".0302304",".0054393","5.557743","4.12e-08",".0310742",".0056864","5.464655","6.81e-08","","","","","","","","",".0366137",".0041985","8.720674","7.27e-18",".0364557",".0042887","8.500343","4.53e-17"
"t_provc17","","","","","","","","",".0214623",".0052284","4.104927",".0000461",".0219654",".0053397","4.113579",".0000444","","","","","","","","",".0298217",".0041876","7.121462","1.66e-12",".0290853",".0042342","6.869144","9.47e-12"
"t_provc18","","","","","","","","",".0258457",".0052828","4.892398","1.28e-06",".0263294",".005368","4.904885","1.21e-06","","","","","","","","",".0342776",".004452","7.699405","2.48e-14",".0344652",".0044524","7.740738","1.82e-14"
"t_provc19","","","","","","","","",".0247973",".0051483","4.81664","1.85e-06",".0256649",".0053291","4.816019","1.86e-06","","","","","","","","",".0425831",".0052106","8.172457","6.40e-16",".0429731",".0052565","8.175197","6.27e-16"
"t_provc20","","","","","","","","",".0164748",".0044001","3.744157",".0001985",".0171007",".0044829","3.814636",".0001505","","","","","","","","",".0262922",".0039546","6.6486","4.15e-11",".0258969",".0039798","6.507093","1.04e-10"
"t_provc21","","","","","","","","",".0239005",".0048257","4.952771","9.53e-07",".0246738",".0049813","4.953257","9.51e-07","","","","","","","","",".0314555",".0040557","7.755952","1.62e-14",".0313977",".0040887","7.67916","2.89e-14"
"t_provc22","","","","","","","","",".0185841",".0046502","3.99642",".0000723",".0191871",".0047403","4.047656",".0000585","","","","","","","","",".0276528",".00411","6.728147","2.45e-11",".0276551",".00412","6.71238","2.72e-11"
"t_provc23","","","","","","","","",".0225742",".006372","3.542744",".0004268",".0230086",".0064908","3.544786",".0004236","","","","","","","","",".0323223",".0043707","7.395174","2.35e-13",".0315016",".0043953","7.167172","1.20e-12"
"t_provc24","","","","","","","","",".0316999",".0115702","2.739792",".006331",".0324226",".0117414","2.761384",".0059322","","","","","","","","",".0394373",".0060203","6.550768","7.87e-11",".0395052",".0060298","6.551655","7.82e-11"
"t_provc25","","","","","","","","",".0211742",".0062366","3.395131",".0007313",".0222302",".0064347","3.454748",".0005897","","","","","","","","",".0247422",".0081234","3.045791",".0023616",".0249529",".0080088","3.11568",".0018703"
"t_provc26","","","","","","","","",".0254305",".0068936","3.689013",".0002456",".0260411",".0070781","3.679118",".0002551","","","","","","","","",".0392091",".007549","5.193961","2.34e-07",".0393494",".0075083","5.240765","1.83e-07"
"t_provc27","","","","","","","","","0",".",".",".","0",".",".",".","","","","","","","","","0",".",".",".","0",".",".","."
"y1964Xlnwords1","","","","","","","","","","","","",".0230725",".0376741",".6124236",".5404899","","","","","","","","","","","","","","","",""
"y1964Xlnwords2","","","","","","","","","","","","","-.0038472",".0071152","-.5407017",".5889142","","","","","","","","","","","","","","","",""
"y1982Xlnwords1","","","","","","","","","","","","","-.018691",".0487022","-.3837809",".701277","","","","","","","","","","","","","-.0297684",".0213217","-1.396154",".1628767"
"y1982Xlnwords2","","","","","","","","","","","","","-.0027572",".0103266","-.2670008",".7895605","","","","","","","","","","","","","-.0038695",".0058452","-.662002",".5080727"
"y1990Xlnwords1","","","","","","","","","","","","","-.0027716",".0449724","-.0616297",".9508783","","","","","","","","","","","","","-.0455111",".019554","-2.327452",".020075"
"y1990Xlnwords2","","","","","","","","","","","","","-.0008197",".0088631","-.0924838",".9263446","","","","","","","","","","","","","-.0030685",".0046941","-.6536823",".5134177"
"y2000Xlnwords1","","","","","","","","","","","","","-.0184654",".0361671","-.5105565",".6098498","","","","","","","","","","","","","-.0290247",".0254411","-1.140857",".2541133"
"y2000Xlnwords2","","","","","","","","","","","","",".0063203",".0097626",".6474014",".5176202","","","","","","","","","","","","",".0093052",".0051636","1.802086",".0717346"
"y1964Xdeng","","","","","","","","","","","","",".0133901",".0734894",".1822043",".855484","","","","","","","","","","","","","","","",""
"y1982Xdeng","","","","","","","","","","","","",".0701971",".1084661",".6471805",".5177631","","","","","","","","","","","","","-.0023004",".0593219","-.0387779",".9690727"
"y1990Xdeng","","","","","","","","","","","","",".0768043",".0908427",".8454642",".3981893","","","","","","","","","","","","",".0179278",".0470525",".3810173",".7032449"
"y2000Xdeng","","","","","","","","","","","","","-.0004759",".0807809","-.0058915",".9953012","","","","","","","","","","","","","-.071341",".0498834","-1.430156",".1528825"
"_cons","1.783674",".0233811","76.28707","1.1e-310","1.783674",".0225871","78.9686","7.4e-319","-53.20048","8.020427","-6.633123","7.35e-11","-54.44081","8.305267","-6.554974","1.20e-10","1.898698",".0142203","133.5207","0","1.898698",".0139785","135.8295","0","-67.56583","7.134626","-9.470129","1.06e-20","-67.15863","7.226408","-9.2935","5.15e-20"
"N","3000","","","","3000","","","","3000","","","","3000","","","","5944","","","","5944","","","","5944","","","","5944","","",""
"r2",".8044556","","","",".8129923","","","",".8481167","","","",".8486275","","","",".824833","","","",".8300693","","","",".8684245","","","",".8692452","","",""
"df_m","20","","","","32","","","","55","","","","67","","","","15","","","","24","","","","49","","","","58","","",""
"df_r","599","","","","599","","","","599","","","","599","","","","1485","","","","1485","","","","1485","","","","1485","","",""
"df_b","","","","","","","","","","","","","","","","","","","","","","","","","","","","","","","",""
"df","","","","","","","","","","","","","","","","","","","","","","","","","","","","","","","",""
