"","est1","","","","est2","","","","est3","","","","est4","","","","est5","","","","est6","","","","est7","","",""
"","b","se","t","p","b","se","t","p","b","se","t","p","b","se","t","p","b","se","t","p","b","se","t","p","b","se","t","p"
"dmexfb_alt","-.0222182",".0942738","-.2356767",".8136835","-.1316742",".0626345","-2.102263",".0355302",".0493179",".0938959",".5252409",".5994157",".1965919",".075476","2.604693",".0091956","-.0915548",".0572592","-1.598955",".1098306","-.1051123",".0473119","-2.221689",".0263043","-.148766",".0805878","-1.846011",".0648906"
"deduc1","4.061187","7.136132",".569102",".5692869","1.590474","5.409787",".2939994",".7687584","-11.83584","7.099517","-1.667133",".0954879","7.087929","5.532734","1.28109",".2001621","-4.42114","5.816264","-.760134",".4471745","1.35119","4.677884",".2888464",".7726989","-10.72882","8.986774","-1.193846",".2325384"
"deduc2","5.976581","6.603825",".9050182",".3654557","-.0858534","5.064227","-.0169529",".9864742","-5.398426","7.412528","-.728284",".4664397","3.729257","5.137264",".7259228",".4678861",".47224","4.941422",".0955676",".923864","4.580233","4.437558","1.032152",".3020011","-1.387646","7.506072","-.1848698",".8533311"
"deduc3","1.105793","6.396165",".1728837",".8627428","-1.60387","4.542201","-.3531043",".7240103","-11.21438","7.17922","-1.562061",".1182737","1.410772","5.468099",".2580004",".7964066","-3.81131","5.035589","-.7568747",".449125",".0321303","4.186622",".0076745",".9938767","-4.849345","6.782585","-.71497",".4746276"
"deduc4","11.40264","8.862173","1.286664",".1982115",".5138428","6.91962",".0742588",".9408044","-7.719888","8.785862","-.8786716",".3795793",".2900615","6.914107",".0419521",".9665369","-.2127005","6.805224","-.0312555",".9750658","5.387058","5.61406",".9595654",".337274","-4.402186","10.09896","-.4359049",".6629057"
"dblack","4.384924","2.026182","2.164131",".0304543",".6422419","2.318536",".2770032",".7817777","6.584284","2.343247","2.809898",".0049557","6.179405","2.327034","2.655485",".0079194","4.628572","1.600049","2.89277",".0038186","4.324235","1.515134","2.854028",".0043169","8.512785","2.058648","4.135134",".0000355"
"dage0_14","-4.972176","4.910919","-1.012474",".3113117","-7.281336","3.722655","-1.955952",".0504708","-5.930206","5.419826","-1.094169",".2738808","-10.8322","4.96632","-2.181133",".0291736","-2.817016","3.844698","-.7327015",".4637405","-3.177202","2.789862","-1.138839",".2547705",".7048818","5.143449",".1370446",".8909956"
"dage15_24",".9413195","3.756352",".250594",".802128","-3.02412","3.46548","-.8726411",".3828587","-.4737269","3.426528","-.1382528",".8900407","-2.094139","3.643685","-.5747309",".5654733","-4.016577","2.420287","-1.659545",".0970059","1.032965","2.837511",".3640392",".7158288","-7.352866","4.939072","-1.488714",".1365627"
"dage25_39","-12.51927","7.887331","-1.587263",".1124532","-9.601219","6.272401","-1.530709",".1258414","-10.69677","9.321465","-1.147542",".2511578","1.10934","6.56918",".1688704",".8658986","-9.330282","5.140666","-1.814995",".0695247","-4.920772","4.768141","-1.032011",".3020672","-14.96264","7.369758","-2.030276",".0423285"
"dage40_54","-1.514826","7.808941","-.1939861",".8461868","-10.66538","6.834577","-1.560503",".1186411","-4.496602","8.951952","-.5023041",".6154536","1.906839","6.52533",".2922211",".7701176","-6.458458","4.72207","-1.367717",".1714005","-1.32166","5.148642","-.2567007",".7974098","-4.426739","7.211634","-.613833",".5393257"
"dage55","0",".",".",".","0",".",".",".","0",".",".",".","0",".",".",".","0",".",".",".","0",".",".",".","0",".",".","."
"demployed","6.389055","2.908722","2.196516",".028055","5.528994","2.862944","1.931227",".053455","6.292726","3.766216","1.670835",".0947542","5.046761","2.699507","1.869512",".0615516","5.258818","1.892399","2.778916",".0054541","2.614712","2.068005","1.264365",".2060991","8.081432","2.758021","2.930156",".0033879"
"dusbirths",".0417464",".024464","1.706445",".0879253",".0301239",".0246356","1.222782",".2214122",".0210492",".0271954",".7740015",".4389299",".0169907",".025544",".6651528",".5059527",".023691",".0238502",".993324",".3205521",".0372799",".0193169","1.929918",".0536171",".0423776",".0338066","1.253531",".2100126"
"dfbnonmex","-.0084851",".0173084","-.4902269",".6239733","-.0304495",".0152212","-2.000465",".0454501","-.013757",".0199383","-.689979",".4902074",".0302149",".0175043","1.726144",".0843215","-.0191796",".0147041","-1.30437",".1921076",".0026624",".012319",".2161223",".8288925",".0184517",".0239241",".7712608",".4405524"
"dushisp",".052111",".029556","1.763127",".0778791",".0484487",".0297005","1.631241",".1028394",".0397074",".0362137","1.096474",".2728715","-.006947",".03833","-.181243",".8561769",".056479",".0238114","2.371927",".0176956",".0440356",".0214054","2.057221",".0396649",".0901482",".0390975","2.305727",".0211259"
"grp_1","-1.658524",".5350764","-3.099602",".0019378","-.4515652",".3988224","-1.132246",".2575309","-.9564568",".6259457","-1.528019",".1265079","-.9946304",".5082442","-1.956993",".0503483","-.0844334",".3475514","-.2429378",".8080536","-.5614081",".3955173","-1.419427",".1557744","-.1790659",".6760105","-.2648862",".7910971"
"grp_2",".0763491",".3283962",".2324909",".8161568",".4630563",".2315712","1.999628",".0455404",".7207798",".2921627","2.467049",".0136232","-.1732955",".2462484","-.7037426",".4815931",".7110768",".2116967","3.358941",".0007824",".5476172",".1676627","3.266183",".0010901",".8292221",".3296108","2.515761",".0118776"
"grp_3","-1.481641",".5474017","-2.706679",".006796","-.1263792",".4050674","-.3119955",".7550439","-.7244673",".6618999","-1.094527",".273724","-1.342609",".5347056","-2.510931",".0120413","-.0389975",".3555502","-.1096821",".9126615","-.5186545",".401334","-1.292326",".1962441",".3334134",".68938",".4836424",".6286397"
"grp_4","-.1771318",".317759","-.5574409",".5772262",".1299146",".2725581",".4766492",".633612",".3422834",".277466","1.233605",".2173502","-.1750468",".2405236","-.7277739",".466752",".5931177",".22407","2.64702",".0081205",".469388",".1792439","2.61871",".0088263",".3754606",".3164762","1.186378",".2354729"
"grp_5","-2.006503",".4793169","-4.186173",".0000284","-.3428735",".3697794","-.927238",".353803","-1.137582",".5613669","-2.02645",".0427187","-.9712246",".4648867","-2.089164",".0366929","-.1831561",".3160946","-.5794344",".5622961","-.4750987",".3565143","-1.332622",".1826559","-.5487736",".6338821","-.8657346",".3866357"
"grp_6",".1759937",".2761679",".6372707",".5239485",".7100756",".2318474","3.062685",".0021936",".9407404",".2963399","3.174531",".0015008",".0935869",".2199535",".4254852",".670483","1.109487",".1671709","6.636845","3.20e-11",".8103286",".1528519","5.301396","1.15e-07","1.029202",".2691507","3.823889",".0001314"
"grp_7","-1.542397",".4251264","-3.628092",".0002855","-.7634395",".3617322","-2.110511",".0348144","-1.04119",".5021917","-2.073293",".0381451","-.996943",".4691792","-2.124866",".0335978","-.3888809",".3120282","-1.246301",".2126541","-.7836945",".3551463","-2.206681",".0273364","-.6453728",".5717237","-1.128819",".2589741"
"grp_8",".0153141",".1796581",".0852404",".9320703",".271029",".1792047","1.512399",".1304324",".4586058",".1783562","2.571291",".010132",".0859461",".1778669",".4832045",".6289505",".4145275",".1312604","3.158054",".0015883",".2772471",".1050561","2.63904",".0083141",".3372944",".179031","1.884",".0595649"
"grp_9","-1.190694",".4145343","-2.872364",".0040741","-.3984853",".3381949","-1.178271",".2386885","-.6194741",".4721312","-1.31208",".189493","-.6369581",".4274466","-1.490146",".1361857",".0240695",".2812296",".0855865",".9317951","-.3216304",".3196892","-1.006072",".3143809","-.1044076",".5248467","-.1989297",".8423177"
"grp_10",".0521962",".1431463",".3646353",".7153837",".4341597",".1323713","3.279864",".0010386",".7141194",".1588217","4.496358","6.91e-06",".188372",".1344828","1.400714",".1612995",".7019022",".0991928","7.076139","1.48e-12",".4092369",".0803438","5.09357","3.51e-07",".5967027",".132609","4.499717","6.80e-06"
"grp_11","-1.492505",".4240115","-3.519963",".0004316","-.52743",".3087109","-1.708492",".0875452","-.7801326",".5002345","-1.559534",".1188701","-.5382693",".4208931","-1.278874",".2009413","-.3003514",".2818232","-1.065744",".2865394","-.5059645",".3168571","-1.596822",".1103053","-.875336",".4859772","-1.801187",".0716733"
"grp_12","0",".",".",".","0",".",".",".","0",".",".",".","0",".",".",".","0",".",".",".","0",".",".",".","0",".",".","."
"_cons",".3456849",".4365178",".7919148",".4284104",".4545986",".3569748","1.273475",".2028494","-.3001836",".5027039","-.5971379",".5504153",".5182645",".4304137","1.204108",".2285479","-.7327035",".2937228","-2.494541",".012612",".0089068",".3135018",".0284106",".9773347","-.7731978",".512088","-1.509892",".1310709"
"N","182","","","","180","","","","184","","","","184","","","","184","","","","184","","","","184","","",""
"r2",".6133507","","","",".485684","","","",".6790884","","","",".6295571","","","",".6644929","","","",".6692039","","","",".7181209","","",""
"df_m","25","","","","25","","","","25","","","","25","","","","25","","","","25","","","","25","","",""
"df_r","","","","","","","","","","","","","","","","","","","","","","","","","","","",""
"df_b","","","","","","","","","","","","","","","","","","","","","","","","","","","",""
"df","","","","","","","","","","","","","","","","","","","","","","","","","","","",""
